Book Id,Title,Author,Author l-f,Additional Authors,ISBN,ISBN13,My Rating,Average Rating,Publisher,Binding,Number of Pages,Year Published,Original Publication Year,Date Read,Date Added,Bookshelves,Bookshelves with positions,Exclusive Shelf,My Review,Spoiler,Private Notes,Read Count,Owned Copies
218460347,The Road to Tender Hearts,Annie  Hartnett,"Hartnett, Annie",,"=""0593873440""","=""9780593873441""",0,4.35,Ballantine Books,Hardcover,384,2025,2025,,2026/02/01,to-read,to-read (#362),to-read,,,,0,0
169485073,"The Strength of the Few (Hierarchy, #2)",James  Islington,"Islington, James",,"=""""","=""""",0,4.37,Text Publishing,Hardcover,720,2025,2025,,2024/02/25,currently-reading,currently-reading (#3),currently-reading,,,,1,0
226955282,Dating After the End of the World,Jeneva Rose,"Rose, Jeneva",,"=""1662520212""","=""9781662520211""",3,3.85,Montlake,Kindle Edition,295,2025,2025,2026/01/04,2025/12/29,,,read,,,,1,0
216052751,The Book Club for Troublesome Women,Marie Bostwick,"Bostwick, Marie",,"=""1400344743""","=""9781400344741""",5,4.09,Harper Muse,Paperback,372,2025,2025,2026/01/05,2025/12/07,,,read,,,,1,0
58662236,Small Things Like These,Claire Keegan,"Keegan, Claire",,"=""0802158749""","=""9780802158741""",4,4.08,Grove Press,Hardcover,118,2021,2021,2025/12/16,2025/02/08,,,read,,,,1,0
219876684,The Answer Is No,Fredrik Backman,"Backman, Fredrik",Elizabeth DeNoma,"=""1662526520""","=""9781662526527""",5,3.91,Amazon Original Stories ,Kindle Edition,68,2024,2024,2025/12/05,2025/04/22,,,read,,,,1,0
232466984,107 Days,Kamala Harris,"Harris, Kamala",,"=""1668211653""","=""9781668211656""",0,4.29,Simon & Schuster,Hardcover,304,2025,2025,,2025/12/05,to-read,to-read (#361),to-read,,,,0,0
214151420,The House of My Mother: A Daughter's Quest for Freedom,Shari Franke,"Franke, Shari",,"=""1668065398""","=""9781668065396""",0,4.30,Gallery Books,Hardcover,320,2025,2025,,2025/12/05,to-read,to-read (#360),to-read,,,,0,0
223736287,Replaceable You: Adventures in Human Anatomy,Mary Roach,"Roach, Mary",,"=""1324050624""","=""9781324050629""",0,4.11,W. W. Norton & Company,Hardcover,288,2025,2025,,2025/12/05,to-read,to-read (#359),to-read,,,,0,0
220341389,Everything Is Tuberculosis: The History and Persistence of Our Deadliest Infection,John Green,"Green, John",,"=""0525556575""","=""9780525556572""",0,4.35,Crash Course Books,Hardcover,198,2025,2025,,2025/12/05,to-read,to-read (#358),to-read,,,,0,0
210191671,Katabasis,R.F. Kuang,"Kuang, R.F.",,"=""0063021498""","=""9780063021495""",0,3.77,Harper Voyager,Kindle Edition,567,2025,2025,,2025/12/05,to-read,to-read (#357),to-read,,,,0,0
227429747,Cursed Daughters,Oyinkan Braithwaite,"Braithwaite, Oyinkan",,"=""0385551479""","=""9780385551472""",0,4.05,Doubleday,Hardcover,364,2025,2025,,2025/12/05,to-read,to-read (#356),to-read,,,,0,0
213243915,We All Live Here,Jojo Moyes,"Moyes, Jojo",,"=""1984879324""","=""9781984879325""",0,3.89,Pamela Dorman Books,Hardcover,450,2025,2025,,2025/12/05,to-read,to-read (#355),to-read,,,,0,0
217163697,My Friends,Fredrik Backman,"Backman, Fredrik",Neil   Smith,"=""1982112824""","=""9781982112820""",0,4.37,Atria Books,Hardcover,436,2025,2025,,2025/12/05,to-read,to-read (#354),to-read,,,,0,0
853510,"Murder on the Orient Express (Hercule Poirot, #10)",Agatha Christie,"Christie, Agatha",,"=""0007119313""","=""9780007119318""",3,4.20,HarperCollins,Paperback,274,2007,1934,2025/12/04,2025/10/26,,,read,,,,1,0
222490389,Alchemised,SenLinYu,"SenLinYu, SenLinYu",,"=""0593972708""","=""9780593972700""",5,4.37,Del Rey,Hardcover,1030,2025,2025,2025/11/03,2025/10/20,,,read,,,,1,0
223363578,Crafting for Sinners,Jenny Kiefer,"Kiefer, Jenny",,"=""1683694708""","=""9781683694700""",0,3.43,Quirk Books,Paperback,304,2025,2025,,2025/10/26,to-read,to-read (#353),to-read,,,,0,0
195474144,Table for Two,Amor Towles,"Towles, Amor",,"=""0593296370""","=""9780593296370""",4,4.19,Viking,Hardcover,451,2024,2024,2025/10/20,2025/05/04,,,read,,,,1,0
3591262,Cutting for Stone,Abraham   Verghese,"Verghese, Abraham",,"=""0375414495""","=""9780375414497""",0,4.33,Alfred A. Knopf,Hardcover,560,2009,2009,,2025/10/20,to-read,to-read (#352),to-read,,,,0,0
199798217,The Lion Women of Tehran,Marjan Kamali,"Kamali, Marjan",,"=""1668036584""","=""9781668036587""",5,4.48,Gallery Books,Hardcover,327,2024,2024,2025/10/19,2025/08/10,,,read,,,,1,0
222376728,"Bringer of Dust (The Talents, 2)",J.M. Miro,"Miro, J.M.",,"=""1250833876""","=""9781250833877""",0,4.16,Flatiron Books,Paperback,608,2025,2024,,2025/10/13,to-read,to-read (#351),to-read,,,,0,0
238179918,"An Assassins Anonymous Novel Series 2-Book Collection Set - Fast-Paced Thriller and Action Adventure - Assassins Anonymous, The Medusa Protocol",Rob Hart,"Hart, Rob",,"=""""","=""""",0,4.00,G.P. Putnam’s Sons,Hardcover,640,2025,,,2025/09/28,to-read,to-read (#350),to-read,,,,0,0
228026841,Assassins Anonymous,Rob Hart,"Hart, Rob",,"=""0593717414""","=""9780593717417""",0,3.89,G.P. Putnam's Sons,Paperback,336,2025,2024,,2025/09/28,to-read,to-read (#349),to-read,,,,0,0
220239049,"You Wanna Be on Top?: A Memoir of Makeovers, Manipulation, and Not Becoming America's Next Top Model",Sarah Hartshorne,"Hartshorne, Sarah",,"=""0593735242""","=""9780593735244""",4,3.91,Crown,Hardcover,272,2025,2025,2025/09/24,2025/09/20,,,read,,,,1,0
210832955,Glamorous Notions,Megan Chance,"Chance, Megan",,"=""1662515782""","=""9781662515781""",4,4.00,Lake Union Publishing,Kindle Edition,369,2025,2025,2025/09/21,2025/09/12,,,read,,,,1,0
214627245,The Undoing of Alejandro Velasco,Diego Boneta,"Boneta, Diego",,"=""1662517564""","=""9781662517563""",4,3.81,Amazon Crossing,Kindle Edition,275,2025,2025,,2025/07/08,,,read,,,,2,0
228639318,The One That Got Away,Mike Gayle,"Gayle, Mike",,"=""1662530285""","=""9781662530289""",3,3.45,Amazon Original Stories,Kindle Edition,101,2025,,2025/05/31,2025/05/31,,,read,,,,1,0
223854881,What We Can Know,Ian McEwan,"McEwan, Ian",,"=""0593804724""","=""9780593804728""",0,3.90,Knopf,Hardcover,303,2025,2025,,2025/08/27,to-read,to-read (#348),to-read,,,,0,0
227777201,Who Is the Liar,Laura Lee Bahr,"Bahr, Laura Lee",,"=""1662529023""","=""9781662529023""",4,3.39,Little A,Kindle Edition,247,2025,2025,2025/08/26,2025/08/24,,,read,,,,1,0
213212694,Butter,Asako Yuzuki,"Yuzuki, Asako",Polly Barton,"=""0063236419""","=""9780063236417""",2,3.45,Ecco,Paperback,464,2024,2017,2025/08/24,2025/07/16,,,read,,,,1,0
218460337,The Compound,Aisling Rawle,"Rawle, Aisling",,"=""0593977270""","=""9780593977279""",4,3.55,Random House,Hardcover,292,2025,2025,2025/08/22,2025/08/19,,,read,,,,1,0
44582454,Regretting You,Colleen Hoover,"Hoover, Colleen",,"=""154201641X""","=""9781542016414""",3,4.10,Montlake Romance,Kindle Edition,363,2019,2019,2024/12/28,2020/10/25,,,read,,,,1,0
90202302,"Iron Flame (The Empyrean, #2)",Rebecca Yarros,"Yarros, Rebecca",,"=""1649374178""","=""9781649374172""",4,4.36,Entangled: Red Tower Books,Hardcover,640,2023,2023,,2025/08/19,,,read,,,,1,0
61431922,"Fourth Wing (The Empyrean, #1)",Rebecca Yarros,"Yarros, Rebecca",,"=""1649374046""","=""9781649374042""",4,4.57,Entangled: Red Tower Books,Hardcover,517,2023,2023,2023/09/20,2023/09/04,,,read,,,,1,0
209439446,"Onyx Storm (The Empyrean, #3)",Rebecca Yarros,"Yarros, Rebecca",,"=""1649374186""","=""9781649374189""",4,4.21,Red Tower Books,Hardcover,544,2025,2025,,2025/08/19,,,read,,,,1,0
198902277,The Wedding People,Alison Espach,"Espach, Alison",,"=""""","=""""",3,4.08,Henry Holt and Company,Hardcover,367,2024,2024,2025/02/21,2025/02/08,,,read,,,,1,0
40033006,The 7½ Deaths of Evelyn Hardcastle,Stuart Turton,"Turton, Stuart",,"=""""","=""""",2,3.78,Sourcebooks Landmark,Kindle Edition,482,2018,2018,2020/10/14,2020/05/17,,,read,,,,1,0
63922274,Go as a River,Shelley Read,"Read, Shelley",,"=""1954118236""","=""9781954118232""",5,4.25,Spiegel & Grau,Hardcover,320,2023,2023,2025/08/01,2025/06/29,,,read,,,,1,0
221081944,You Dreamed of Empires,Álvaro Enrigue,"Enrigue, Álvaro",Natasha Wimmer,"=""0593544803""","=""9780593544808""",0,3.74,Riverhead Books,Paperback,240,2024,2022,,2025/07/16,to-read,to-read (#347),to-read,,,,0,0
68429,"The Well of Ascension (Mistborn, #2)",Brandon Sanderson,"Sanderson, Brandon",,"=""0765316889""","=""9780765316882""",0,4.38,Tor Books,Hardcover,590,2007,2007,,2025/06/20,currently-reading,currently-reading (#2),currently-reading,,,,1,0
68428,"Mistborn: The Final Empire (Mistborn, #1)",Brandon Sanderson,"Sanderson, Brandon",,"=""""","=""9780765311788""",5,4.49,Tor Books,Hardcover,541,2006,2006,2025/07/09,2025/06/20,,,read,,,,1,0
2767793,"The Hero of Ages (Mistborn, #3)",Brandon Sanderson,"Sanderson, Brandon",,"=""0765316897""","=""9780765316899""",0,4.56,Tor Books,Hardcover,572,2008,2008,,2025/06/20,to-read,to-read (#346),to-read,,,,0,0
217905433,The Rules of Fortune,Danielle Prescod,"Prescod, Danielle",Mindy Kaling,"=""1662520131""","=""9781662520136""",3,3.61,Mindy's Book Studio,Kindle Edition,293,2025,2025,2025/06/15,2025/06/02,,,read,,,,1,0
59093587,Patricia Wants to Cuddle,Samantha  Allen,"Allen, Samantha",,"=""163893004X""","=""9781638930044""",4,3.49,Zando,Hardcover,256,2022,2022,2025/06/02,2025/05/06,,,read,,,,1,0
214195399,The Usual Desire to Kill: A Novel,Camilla Barnes,"Barnes, Camilla",,"=""1668062844""","=""9781668062845""",0,3.47,Scribner,Kindle Edition,255,2025,2025,,2025/05/31,to-read,to-read (#345),to-read,,,,0,0
59232498,The Last Rose of Shanghai,Weina Dai Randel,"Randel, Weina Dai",,"=""1542032881""","=""9781542032889""",0,4.12,Lake Union Publishing,Kindle Edition,429,2021,2021,,2025/05/31,to-read,to-read (#344),to-read,,,,0,0
199698485,The God of the Woods,Liz    Moore,"Moore, Liz",,"=""""","=""""",4,4.10,Riverhead Books,Kindle Edition,490,2024,2024,2025/05/31,2025/01/28,,,read,,,,1,0
76865,Good to Great: Why Some Companies Make the Leap... and Others Don't,Jim Collins,"Collins, Jim",,"=""0066620996""","=""9780066620992""",0,4.12,Harper Business,Hardcover,300,2001,2001,,2025/05/28,currently-reading,currently-reading (#1),currently-reading,,,,1,0
177178698,Becoming Madam Secretary,Stephanie Dray,"Dray, Stephanie",,"=""0593437063""","=""9780593437063""",0,4.45,Berkley,Kindle Edition,544,2024,2024,,2025/05/22,to-read,to-read (#343),to-read,,,,0,0
217203110,My Friends,Fredrik Backman,"Backman, Fredrik",Neil   Smith,"=""1982112840""","=""9781982112844""",0,4.37,Atria Books,Kindle Edition,435,2025,2025,,2025/05/22,to-read,to-read (#342),to-read,,,,0,0
91274427,What You Are Looking for Is in the Library,Michiko Aoyama,"Aoyama, Michiko",Alison Watts,"=""1335005625""","=""9781335005625""",0,4.03,Hanover Square Press,Hardcover,304,2023,2020,,2025/05/15,to-read,to-read (#341),to-read,,,,0,0
203578763,"The Sequel (The Book Series, #2)",Jean Hanff Korelitz,"Korelitz, Jean Hanff",,"=""1250875471""","=""9781250875471""",0,3.60,Celadon Books,Hardcover,304,2024,2024,,2025/05/10,to-read,to-read (#340),to-read,,,,0,0
57693566,The Latecomer,Jean Hanff Korelitz,"Korelitz, Jean Hanff",,"=""1250790794""","=""9781250790798""",0,4.01,Celadon Books,Hardcover,439,2022,2022,,2025/05/10,to-read,to-read (#339),to-read,,,,0,0
55315487,"The Plot (The Book Series, #1)",Jean Hanff Korelitz,"Korelitz, Jean Hanff",,"=""125079076X""","=""9781250790767""",0,3.81,Celadon Books,Hardcover,320,2021,2021,,2025/05/10,to-read,to-read (#338),to-read,,,,0,0
34002132,"Oathbringer (The Stormlight Archive, #3)",Brandon Sanderson,"Sanderson, Brandon",,"=""""","=""""",5,4.60,Tor Books,Hardcover,1248,2017,2017,2025/05/10,2025/02/27,,,read,,,,1,0
176443453,Greta & Valdin,Rebecca K. Reilly,"Reilly, Rebecca K.",,"=""1668028042""","=""9781668028049""",4,3.90,Avid Reader Press / Simon & Schuster,Hardcover,352,2024,2021,2025/04/28,2025/03/08,,,read,,,,1,0
211004023,The Bones Beneath My Skin,T.J. Klune,"Klune, T.J.",,"=""1250890438""","=""9781250890436""",0,4.08,Tor Books,Hardcover,416,2025,2018,,2025/04/22,to-read,to-read (#337),to-read,,,,0,0
217111922,Bad Men,Julie Mae Cohen,"Cohen, Julie Mae",,"=""1419772341""","=""9781419772344""",0,3.60,Harry N. Abrams,Paperback,336,2025,2023,,2025/04/21,to-read,to-read (#336),to-read,,,,0,0
17332218,"Words of Radiance (The Stormlight Archive, #2)",Brandon Sanderson,"Sanderson, Brandon",,"=""0765326361""","=""9780765326362""",5,4.76,Tor Books,Hardcover,1088,2014,2014,2025/04/14,2025/02/27,,,read,,,,1,0
207611566,Witchcraft for Wayward Girls,Grady Hendrix,"Hendrix, Grady",,"=""0593548981""","=""9780593548981""",0,3.90,Berkley,Hardcover,482,2025,2025,,2025/03/13,to-read,to-read (#335),to-read,,,,0,0
205673392,The Bog Wife,Kay Chronister,"Chronister, Kay",,"=""1640096620""","=""9781640096622""",0,3.57,Counterpoint,Hardcover,336,2024,2024,,2025/02/27,to-read,to-read (#334),to-read,,,,0,0
203578847,"Wind and Truth (The Stormlight Archive, #5)",Brandon Sanderson,"Sanderson, Brandon",,"=""1250319188""","=""9781250319180""",0,4.37,Tor Books,Hardcover,1344,2024,2024,,2025/02/27,to-read,to-read (#333),to-read,,,,0,0
49021976,"Rhythm of War (The Stormlight Archive, #4)",Brandon Sanderson,"Sanderson, Brandon",,"=""0765326388""","=""9780765326386""",0,4.58,Tor Books,Hardcover,1232,2020,2020,,2025/02/27,to-read,to-read (#332),to-read,,,,0,0
64631561,"The Many Lives of Mama Love: A Memoir of Lying, Stealing, Writing, and Healing",Lara Love Hardin,"Hardin, Lara Love",,"=""1982197668""","=""9781982197667""",5,4.43,Simon & Schuster,Kindle Edition,319,2023,2023,2025/02/25,2023/09/16,,,read,,,,1,0
4965,Year of Wonders,Geraldine Brooks,"Brooks, Geraldine",,"=""0142001430""","=""9780142001431""",4,4.01,Penguin Books,Paperback,304,2002,2001,2025/02/23,2021/05/30,,,read,,,,1,0
62990449,The Diamond Eye,Kate Quinn,"Quinn, Kate",,"=""""","=""""",5,4.29,William Morrow,Kindle Edition,448,2022,2022,2025/02/07,2022/07/09,,,read,,,,1,0
208931300,Intermezzo,Sally Rooney,"Rooney, Sally",,"=""0374602638""","=""9780374602635""",0,3.80,"Farrar, Straus and Giroux",Hardcover,464,2024,2024,,2025/02/08,to-read,to-read (#331),to-read,,,,0,0
203931803,Men Have Called Her Crazy,Anna Marie Tendler,"Tendler, Anna Marie",,"=""1668032341""","=""9781668032343""",0,3.43,Simon & Schuster,Hardcover,304,2024,2024,,2025/02/08,to-read,to-read (#330),to-read,,,,0,0
126918172,Anita de Monte Laughs Last,Xóchitl González,"González, Xóchitl",,"=""""","=""""",4,3.78,Flatiron Books,Kindle Edition,342,2024,2024,2025/01/31,2025/01/15,,,read,,,,1,0
217245618,The Names,Florence Knapp,"Knapp, Florence",,"=""0593833902""","=""9780593833902""",0,4.15,Pamela Dorman Books,Hardcover,328,2025,2025,,2025/01/28,to-read,to-read (#329),to-read,,,,0,0
214152211,The Bright Years,Sarah Damoff,"Damoff, Sarah",,"=""1668061449""","=""9781668061442""",0,4.23,Simon & Schuster,Hardcover,288,2025,2025,,2025/01/28,to-read,to-read (#328),to-read,,,,0,0
209668781,Onyx Storm (The Empyrean #3),Rebecca Yarros,"Yarros, Rebecca",,"=""1649376944""","=""9781649376947""",4,4.21,Entangled: Red Tower Books,Kindle Edition,758,2025,2025,2025/01/25,2024/12/24,,,read,,,,1,0
173754979,James,Percival Everett,"Everett, Percival",,"=""0385550367""","=""9780385550369""",5,4.43,Knopf Doubleday,Hardcover,303,2024,2024,2025/01/19,2025/01/16,,,read,,,,1,0
37442,"Wicked: The Life and Times of the Wicked Witch of the West (The Wicked Years, #1)",Gregory Maguire,"Maguire, Gregory",Douglas Smith,"=""""","=""""",3,3.51,ReganBooks,Paperback,406,2000,1995,2025/01/15,2025/01/01,,,read,,,,1,0
37959904,Unsheltered,Barbara Kingsolver,"Kingsolver, Barbara",,"=""0062865501""","=""9780062865502""",0,3.67,HarperAudio,Audiobook,,2018,2018,,2025/01/06,to-read,to-read (#327),to-read,,,,0,0
14249,Prodigal Summer,Barbara Kingsolver,"Kingsolver, Barbara",,"=""0060959037""","=""9780060959036""",0,4.05,Harper Perennial,Paperback,444,2001,2000,,2025/01/06,to-read,to-read (#326),to-read,,,,0,0
40725379,"Animal, Vegetable, Miracle: A Year of Food Life",Barbara Kingsolver,"Kingsolver, Barbara","Steven L. Hopp, Camille Kingsolver, Lily Hopp Kingsolver","=""0062653075""","=""9780062653079""",0,4.05,Harper,Kindle Edition,383,2017,2007,,2025/01/06,to-read,to-read (#325),to-read,,,,0,0
210670920,Give Her Credit: The Untold Account of a Women's Bank That Empowered a Generation,Grace L. Williams,"Williams, Grace L.",,"=""1542025478""","=""9781542025478""",3,3.61,Little A,Kindle Edition,209,2025,2025,2025/01/01,2024/12/28,,,read,,,,1,0
58018175,The Magnificent Lives of Marjorie Post,Allison Pataki,"Pataki, Allison",,"=""""","=""""",0,4.14,Ballantine Books,Kindle Edition,400,2022,2022,,2024/12/28,to-read,to-read (#324),to-read,,,,0,0
25076674,The Alchemist,Paulo Coelho,"Coelho, Paulo",Alan R. Clarke,"=""""","=""""",5,3.92,HarperOne,Kindle Edition,84,2021,1988,2024/12/26,2022/05/30,,,read,,,,1,0
51473403,"Good Morning, Monster: A Therapist Shares Five Heroic Stories of Emotional Recovery",Catherine Gildiner,"Gildiner, Catherine",,"=""1250272262""","=""9781250272263""",5,4.45,St. Martin's Press,Kindle Edition,356,2020,2020,2024/12/25,2024/08/24,,,read,,,,1,0
51603444,"Before the Coffee Gets Cold (Before the Coffee Gets Cold, #1)",Toshikazu Kawaguchi,"Kawaguchi, Toshikazu",,"=""1488077215""","=""9781488077210""",5,3.65,Hanover Square Press,Kindle Edition,227,2020,2015,2024/12/24,2023/10/29,,,read,,,,1,0
220817728,Atmosphere,Taylor Jenkins Reid,"Reid, Taylor Jenkins",,"=""""","=""""",0,4.33,Ballantine Books,Hardcover,352,2025,2025,,2024/12/24,to-read,to-read (#323),to-read,,,,0,0
62919742,How to Say Babylon,Safiya Sinclair,"Sinclair, Safiya",,"=""1982132337""","=""9781982132330""",4,4.43,37 Ink,Hardcover,352,2023,2023,2024/12/23,2024/12/07,,,read,,,,1,0
52873094,Mexican Gothic,Silvia Moreno-Garcia,"Moreno-Garcia, Silvia",,"=""""","=""""",3,3.66,Del Rey,Kindle Edition,301,2020,2020,2020/12/25,2020/11/01,,,read,,,,1,0
44294655,A Certain Hunger,Chelsea G. Summers,"Summers, Chelsea G.",,"=""""","=""""",0,3.70,Audible Studios,Paperback,250,2019,2019,,2024/12/14,to-read,to-read (#322),to-read,,,,0,0
62929342,Real Americans,Rachel Khong,"Khong, Rachel",,"=""0593537254""","=""9780593537251""",0,3.95,Knopf,Hardcover,416,2024,2024,,2024/12/13,to-read,to-read (#321),to-read,,,,0,0
57007429,I Hope This Finds You Well: Poems,Kate Baer,"Baer, Kate",,"=""0063137992""","=""9780063137998""",4,4.27,Harper Perennial,Paperback,96,2021,2021,2024/12/09,2021/11/16,,,read,,,,1,0
85148114,The Heaven & Earth Grocery Store,James   McBride,"McBride, James",,"=""0593422961""","=""9780593422960""",4,3.91,Riverhead Books,Kindle Edition,400,2023,2023,2024/12/09,2023/11/29,,,read,,,,1,0
195790847,A Sorceress Comes to Call,T. Kingfisher,"Kingfisher, T.",,"=""1250244072""","=""9781250244079""",0,4.04,Tor Books,Hardcover,321,2024,2024,,2024/12/08,to-read,to-read (#320),to-read,,,,0,0
203956639,An Academy for Liars,Alexis Henderson,"Henderson, Alexis",,"=""0593638301""","=""9780593638309""",0,3.43,Ace,Hardcover,464,2024,2024,,2024/12/08,to-read,to-read (#319),to-read,,,,0,0
181350367,"How to Solve Your Own Murder (Castle Knoll Files, #1)",Kristen Perrin,"Perrin, Kristen",,"=""0593474015""","=""9780593474013""",0,3.79,Dutton,Hardcover,358,2024,2024,,2024/12/08,to-read,to-read (#318),to-read,,,,0,0
217362723,The Seventh Veil of Salome,Silvia Moreno-Garcia,"Moreno-Garcia, Silvia",,"=""0593600266""","=""9780593600269""",0,3.75,Del Rey,Hardcover,321,2024,2024,,2024/12/08,to-read,to-read (#317),to-read,,,,0,0
126918788,The Women,Kristin Hannah,"Hannah, Kristin",,"=""""","=""""",4,4.59,St. Martin's Press,Kindle Edition,472,2024,2024,2024/11/19,2024/01/12,,,read,,,,1,0
15749201,The Amazing Adventures of Kavalier & Clay,Michael Chabon,"Chabon, Michael",,"=""0812983580""","=""9780812983586""",4,4.19,Random House,Kindle Edition,658,2012,2000,2024/11/06,2020/10/18,,,read,,,,1,0
127282939,Beautyland,Marie-Helene Bertino,"Bertino, Marie-Helene",,"=""0374109281""","=""9780374109288""",0,4.06,"Farrar, Straus and Giroux",Hardcover,327,2024,2024,,2024/10/31,to-read,to-read (#316),to-read,,,,0,0
34037113,"The Rules of Magic (Practical Magic, #0.2)",Alice Hoffman,"Hoffman, Alice",Tanja Fornaro,"=""""","=""""",4,4.01,Simon & Schuster,Kindle Edition,369,2017,2017,2024/10/21,2024/10/20,,,read,,,,1,0
768889,"A Storm of Swords: Steel and Snow (A Song of Ice and Fire, #3.1)",George R.R. Martin,"Martin, George R.R.",,"=""0006479901""","=""9780006479901""",0,4.47,HarperVoyager,Paperback,663,2001,2000,,2020/10/23,,,read,,,,1,0
53387539,The Baddest Girl on the Planet,Heather Frese,"Frese, Heather",,"=""1949467384""","=""9781949467383""",3,3.42,Blair,Kindle Edition,228,2021,2021,2022/11/27,2024/09/21,,,read,,,,2,0
197363973,I Want to Die but I Still Want to Eat Tteokbokki: Further Conversations with My Psychiatrist,Baek Se-hee,"Se-hee, Baek",,"=""1639732306""","=""9781639732302""",0,3.64,Bloomsbury Publishing,Hardcover,224,2024,2019,,2024/09/05,to-read,to-read (#315),to-read,,,,0,0
62066104,I Hope This Finds You Well,Natalie Sue,"Sue, Natalie",,"=""006332038X""","=""9780063320383""",4,3.73,William Morrow,Kindle Edition,349,2024,2024,2024/09/03,2024/08/29,,,read,,,,1,0
101146072,The Square of Sevens,Laura Shepherd-Robinson,"Shepherd-Robinson, Laura",,"=""1668031124""","=""9781668031124""",4,4.12,Atria Books,Hardcover,528,2023,2023,2024/09/02,2024/07/18,,,read,,,,1,0
133938808,The Familiar,Leigh Bardugo,"Bardugo, Leigh",,"=""""","=""""",5,3.74,Flatiron Books,Kindle Edition,387,2024,2024,2024/08/25,2024/08/21,,,read,,,,1,0
201626940,Ask Not: The Kennedys and the Women They Destroyed,Maureen Callahan,"Callahan, Maureen",,"=""0316276170""","=""9780316276177""",0,4.09,"Little, Brown and Company",Hardcover,400,2024,2024,,2024/08/24,to-read,to-read (#314),to-read,,,,0,0
203747795,The Stone Witch of Florence,Anna Rasche,"Rasche, Anna",,"=""0778310450""","=""9780778310457""",0,3.63,Park Row,Hardcover,368,2024,2024,,2024/08/22,to-read,to-read (#313),to-read,,,,0,0
207974153,The Most Boring Book Ever,Brandon Sanderson,"Sanderson, Brandon",Kazu Kibuishi,"=""1250843669""","=""9781250843661""",0,3.89,Roaring Brook Press,Hardcover,48,2024,2024,,2024/08/22,to-read,to-read (#312),to-read,,,,0,0
203956681,"Fear the Flames (Fear the Flames, #1)",Olivia Rose Darling,"Darling, Olivia Rose",,"=""0593873890""","=""9780593873892""",0,3.74,Delacorte Press,Hardcover,384,2024,2022,,2024/08/22,to-read,to-read (#311),to-read,,,,0,0
207299448,The Night We Lost Him,Laura Dave,"Dave, Laura",,"=""1668002930""","=""9781668002933""",0,3.59,Scribner,Hardcover,298,2024,2024,,2024/08/22,to-read,to-read (#310),to-read,,,,0,0
62919732,Lady Tan’s Circle of Women,Lisa See,"See, Lisa",,"=""1982117087""","=""9781982117085""",4,4.35,Scribner,Hardcover,352,2023,2023,2024/08/21,2024/06/29,,,read,,,,1,0
39943902,Fire & Blood,George R.R. Martin,"Martin, George R.R.",Doug Wheatley,"=""""","=""""",4,4.05,Bantam,ebook,787,2018,2018,2022/08/31,2020/10/18,,,read,,,,2,0
13337715,"A Dance with Dragons 1: Dreams and Dust (A Song of Ice and Fire, #5, Part 1 of 2)",George R.R. Martin,"Martin, George R.R.",,"=""""","=""""",0,4.34,HarperVoyager,Paperback,690,2012,2011,,2020/10/23,,,read,,,,1,0
60873122,The Briar Club,Kate Quinn,"Quinn, Kate",,"=""0063244764""","=""9780063244764""",0,4.28,William Morrow,Kindle Edition,430,2024,2024,,2024/07/29,to-read,to-read (#309),to-read,,,,0,0
42643869,Blood & Fire,George R.R. Martin,"Martin, George R.R.",,"=""""","=""""",0,3.96,Harper Voyager,Hardcover,,,,,2024/07/25,to-read,to-read (#308),to-read,,,,0,0
40591670,I Will Teach You to Be Rich: No Guilt. No Excuses. No BS. Just a 6-Week Program That Works,Ramit Sethi,"Sethi, Ramit",,"=""1523505745""","=""9781523505746""",0,4.20,Workman Publishing Company,Paperback,352,2019,2009,,2022/11/08,to-read,to-read (#307),to-read,,,,1,0
15815333,The Interestings,Meg Wolitzer,"Wolitzer, Meg",,"=""1594488398""","=""9781594488399""",3,3.60,Riverhead Books,Hardcover,468,2013,2013,2024/07/24,2024/07/21,,,read,,,,1,0
154629339,The Cautious Traveller's Guide to the Wastelands,Sarah  Brooks,"Brooks, Sarah",,"=""""","=""""",0,3.58,Flatiron Books,Kindle Edition,310,2024,2024,,2024/07/18,to-read,to-read (#306),to-read,,,,0,0
61151270,I Could Live Here Forever,Hanna  Halperin,"Halperin, Hanna",,"=""0593492072""","=""9780593492079""",0,3.73,Viking,Hardcover,336,2023,2023,,2024/07/15,to-read,to-read (#305),to-read,,,,0,0
63017297,My Husband,Maud Ventura,"Ventura, Maud",Emma Ramadan,"=""0063274825""","=""9780063274822""",0,3.65,HarperVia,Hardcover,272,2023,2021,,2024/07/15,to-read,to-read (#304),to-read,,,,0,0
58724622,Mary,Nat Cassidy,"Cassidy, Nat",,"=""1250265231""","=""9781250265234""",0,3.75,Tor Nightfire,Paperback,416,2022,2022,,2024/07/15,to-read,to-read (#303),to-read,,,,0,0
77810,The Days of Abandonment,Elena Ferrante,"Ferrante, Elena",Ann Goldstein,"=""1933372001""","=""9781933372006""",0,3.86,Europa Editions,Paperback,188,2005,2002,,2024/07/13,to-read,to-read (#302),to-read,,,,0,0
20170404,Station Eleven,Emily St. John Mandel,"Mandel, Emily St. John",,"=""0385353308""","=""9780385353304""",0,4.07,Knopf,Hardcover,333,2014,2014,,2024/07/13,to-read,to-read (#301),to-read,,,,0,0
3679,On Beauty,Zadie Smith,"Smith, Zadie",,"=""0143037749""","=""9780143037743""",0,3.78,Penguin Books,Paperback,445,2006,2005,,2024/07/13,to-read,to-read (#300),to-read,,,,0,0
45894050,"Wayward Lives, Beautiful Experiments: Intimate Histories of Riotous Black Girls, Troublesome Women, and Queer Radicals",Saidiya Hartman,"Hartman, Saidiya",,"=""0393357627""","=""9780393357622""",0,4.41,W. W. Norton & Company,Paperback,441,2020,2019,,2024/07/13,to-read,to-read (#299),to-read,,,,0,0
17286683,Men We Reaped: A Memoir,Jesmyn Ward,"Ward, Jesmyn",,"=""160819521X""","=""9781608195213""",0,4.30,Bloomsbury USA,Hardcover,256,2013,2013,,2024/07/13,to-read,to-read (#298),to-read,,,,0,0
5826,Bel Canto,Ann Patchett,"Patchett, Ann",,"=""""","=""""",0,3.94,Harper Perennial,Paperback,318,2023,2001,,2024/07/13,to-read,to-read (#297),to-read,,,,0,0
20439328,How to be Both,Ali Smith,"Smith, Ali",,"=""""","=""""",0,3.66,Penguin,Kindle Edition,376,2014,2014,,2024/07/13,to-read,to-read (#296),to-read,,,,0,0
271074,Tree of Smoke,Denis Johnson,"Johnson, Denis",,"=""0374279128""","=""9780374279127""",0,3.60,"Farrar, Straus and Giroux",Hardcover,614,2007,2004,,2024/07/13,to-read,to-read (#295),to-read,,,,0,0
35036409,"My Brilliant Friend (Neapolitan Novels, #1)",Elena Ferrante,"Ferrante, Elena",Ann Goldstein,"=""""","=""""",0,4.05,Penguin Random House ,Paperback,331,2012,2011,,2024/07/13,to-read,to-read (#294),to-read,,,,0,0
15839976,"Red Rising (Red Rising Saga, #1)",Pierce Brown,"Brown, Pierce",,"=""0345539788""","=""9780345539786""",0,4.27,Del Rey,Hardcover,382,2014,2014,,2024/07/07,to-read,to-read (#293),to-read,,,,0,0
40409102,This Is How It Always Is,Laurie Frankel,"Frankel, Laurie",,"=""""","=""""",4,4.28,Flatiron Books,Kindle Edition,338,2018,2017,2024/06/28,2021/09/06,,,read,,,,1,0
166999534,"Fate Breaker (Realm Breaker, #3)",Victoria Aveyard,"Aveyard, Victoria",,"=""0063116065""","=""9780063116061""",4,4.15,HarperCollins,Hardcover,625,2024,2024,2024/06/20,2024/01/29,,,read,,,,1,0
17235026,"The Girl with All the Gifts (The Girl With All the Gifts, #1)",M.R. Carey,"Carey, M.R.",,"=""0356500152""","=""9780356500157""",4,3.95,Orbit ,Paperback,461,2014,2014,2024/07/02,2024/06/29,,,read,,,,1,0
56293415,Once There Were Wolves,Charlotte McConaghy,"McConaghy, Charlotte",,"=""1250244137""","=""9781250244130""",3,4.09,Flatiron Books,Kindle Edition,265,2021,2021,2024/06/08,2023/01/28,,,read,,,,1,0
59808037,How Not to Drown in a Glass of Water,Angie Cruz,"Cruz, Angie",,"=""1250208459""","=""9781250208453""",4,3.86,Flatiron Books,Hardcover,195,2022,2022,2024/05/30,2022/12/14,,,read,,,,1,0
125930473,The Vulnerables,Sigrid Nunez,"Nunez, Sigrid",,"=""0593715519""","=""9780593715512""",4,3.55,Riverhead Books,Hardcover,256,2023,2023,2024/05/26,2023/11/22,,,read,,,,1,0
53430792,The Great Believers,Rebecca Makkai,"Makkai, Rebecca",,"=""""","=""""",4,4.30,Penguin Books,Kindle Edition,431,2018,2018,2024/04/10,2022/06/10,,,read,,,,1,0
53463056,"The Way of Kings (The Stormlight Archive, #1)",Brandon Sanderson,"Sanderson, Brandon",,"=""""","=""""",5,4.66,Tor Books,Kindle Edition,1137,2010,2010,2024/05/18,2023/11/15,,,read,,,,1,0
35105682,The Name Sake,Jhumpa Lahiri,"Lahiri, Jhumpa",,"=""8172235364""","=""9788172235369""",0,4.02,Harper Perennial,Paperback,304,2004,2003,,2024/05/10,to-read,to-read (#292),to-read,,,,0,0
406235,Giovanni’s Room,James Baldwin,"Baldwin, James",,"=""""","=""""",0,4.34,Laurel,Paperback,178,1988,1956,,2024/05/10,to-read,to-read (#291),to-read,,,,0,0
31948742,Born a Crime: Stories from a South African Childhood (One World Essentials),Trevor Noah,"Noah, Trevor",,"=""""","=""""",5,4.49,One World,Kindle Edition,264,2016,2016,2024/05/04,2024/05/03,,,read,,,,1,0
46041465,Everything I Know About Love,Dolly Alderton,"Alderton, Dolly",,"=""0062968785""","=""9780062968784""",0,3.93,Harper,Hardcover,368,2020,2018,,2024/04/28,to-read,to-read (#290),to-read,,,,0,0
200100950,Wanted: Toddler's Personal Assistant,Stephanie Kiser,"Kiser, Stephanie",,"=""1728298164""","=""9781728298160""",0,3.65,Sourcebooks,Paperback,336,2024,2024,,2024/04/27,to-read,to-read (#289),to-read,,,,0,0
60194162,Demon Copperhead,Barbara Kingsolver,"Kingsolver, Barbara",,"=""""","=""""",5,4.46,Harper,Hardcover,560,2022,2022,2024/03/25,2023/04/07,,,read,,,,1,0
27833670,Dark Matter,Blake Crouch,"Crouch, Blake",,"=""1101904224""","=""9781101904220""",0,4.13,Ballantine Books,Hardcover,342,2016,2016,,2024/03/16,to-read,to-read (#288),to-read,,,,0,0
60657589,"Emily Wilde's Encyclopaedia of Faeries (Emily Wilde, #1)",Heather Fawcett,"Fawcett, Heather",,"=""059350013X""","=""9780593500132""",0,3.96,Del Rey,Hardcover,317,2023,2023,,2024/03/16,to-read,to-read (#287),to-read,,,,0,0
57846320,The School for Good Mothers,Jessamine Chan,"Chan, Jessamine",,"=""""","=""""",3,3.53,Simon & Schuster,Hardcover,336,2022,2022,2024/03/10,2021/12/31,,,read,,,,1,0
125500880,The Fury,Alex Michaelides,"Michaelides, Alex",,"=""""","=""""",3,3.36,Celadon Books,Kindle Edition,295,2024,2024,2024/03/07,2024/01/12,,,read,,,,1,0
58416952,"The Will of the Many (Hierarchy, #1)",James  Islington,"Islington, James",,"=""1982141190""","=""9781982141196""",5,4.59,Gallery / Saga Press,Kindle Edition,639,2023,2023,2024/02/25,2023/11/15,,,read,,,,1,0
49985946,Homegoing,Yaa Gyasi,"Gyasi, Yaa",,"=""1101947144""","=""9781101947142""",5,4.47,Alfred A. Knopf,Kindle Edition,313,2016,2016,2024/02/09,2022/10/30,,,read,,,,1,0
156009464,The Book of Doors,Gareth  Brown,"Brown, Gareth",,"=""0063323982""","=""9780063323988""",0,4.03,William Morrow,Hardcover,404,2024,2024,,2024/02/03,to-read,to-read (#286),to-read,,,,0,0
57293647,Happy People Are Annoying,Josh  Peck,"Peck, Josh",,"=""0063073633""","=""9780063073630""",0,4.05,HarperOne,ebook,272,2022,2022,,2024/01/30,to-read,to-read (#285),to-read,,,,0,0
63429926,The Covenant of Water,Abraham   Verghese,"Verghese, Abraham",,"=""""","=""""",5,4.41,Grove Atlantic,Kindle Edition,802,2023,2023,2024/01/29,2023/12/23,,,read,,,,1,0
71872930,North Woods,Daniel       Mason,"Mason, Daniel",,"=""0593597036""","=""9780593597033""",0,4.10,Random House,Hardcover,372,2023,2023,,2024/01/20,to-read,to-read (#284),to-read,,,,0,0
16158562,The Time Traveler's Guide to Elizabethan England,Ian Mortimer,"Mortimer, Ian",,"=""0670026077""","=""9780670026074""",3,4.09,Viking,Hardcover,393,2013,2010,2024/01/19,2024/01/12,,,read,,,,1,0
199523293,You Only Call When You're In Trouble,Stephen McCauley,"McCauley, Stephen",,"=""""","=""9798885796781""",0,3.42,Thorndike Press Large Print,Library Binding,551,2024,2024,,2024/01/13,to-read,to-read (#283),to-read,,,,0,0
166998699,"Everyone in My Family Has Killed Someone (Ernest Cunningham, #1)",Benjamin   Stevenson,"Stevenson, Benjamin",,"=""0063279037""","=""9780063279032""",0,3.76,Mariner Books,Paperback,371,2024,2022,,2024/01/13,to-read,to-read (#282),to-read,,,,0,0
40097951,The Silent Patient,Alex Michaelides,"Michaelides, Alex",,"=""1250301696""","=""9781250301697""",3,4.17,Celadon Books,Hardcover,336,2019,2019,,2024/01/12,,,read,,,,1,0
32620332,The Seven Husbands of Evelyn Hugo,Taylor Jenkins Reid,"Reid, Taylor Jenkins",,"=""1501139231""","=""9781501139239""",5,4.39,Atria Books,Hardcover,389,2017,2017,,2024/01/12,,,read,,,,1,0
61771675,Hello Beautiful,Ann Napolitano,"Napolitano, Ann",,"=""""","=""""",0,4.13,The Dial Press,Kindle Edition,594,2023,2023,,2024/01/12,to-read,to-read (#281),to-read,,,,0,0
62047984,Yellowface,R.F. Kuang,"Kuang, R.F.",,"=""""","=""""",0,3.72,William Morrow,Paperback,319,2023,2023,,2024/01/12,to-read,to-read (#280),to-read,,,,0,0
7664041,"Inheritance (The Inheritance Cycle, #4)",Christopher Paolini,"Paolini, Christopher",,"=""0375856110""","=""9780375856112""",5,4.17,Alfred A. Knopf,Hardcover,849,2011,2011,,2020/10/23,,,read,,,,2,0
181110028,The Great Divide,Cristina Henríquez,"Henríquez, Cristina",,"=""0063291320""","=""9780063291324""",0,3.66,Ecco,Hardcover,321,2024,2024,,2024/01/12,to-read,to-read (#279),to-read,,,,0,0
127282881,Family Family,Laurie Frankel,"Frankel, Laurie",,"=""1250236800""","=""9781250236807""",0,3.96,Henry Holt and Co.,Hardcover,400,2024,2024,,2024/01/12,to-read,to-read (#278),to-read,,,,0,0
126919284,The Heiress,Rachel Hawkins,"Hawkins, Rachel",,"=""1250280036""","=""9781250280039""",0,3.84,St. Martin's Press,Hardcover,294,2024,2024,,2024/01/12,to-read,to-read (#277),to-read,,,,0,0
59947696,Wrong Place Wrong Time,Gillian McAllister,"McAllister, Gillian",,"=""0063252341""","=""9780063252349""",3,3.96,William Morrow,Hardcover,416,2022,2022,2024/01/07,2022/12/15,,,read,,,,1,0
2248573,"Brisingr (The Inheritance Cycle, #3)",Christopher Paolini,"Paolini, Christopher",,"=""0375826726""","=""9780375826726""",4,4.11,Alfred A. Knopf,Hardcover,748,2008,2008,,2020/10/23,,,read,,,,2,0
44801007,Will My Cat Eat My Eyeballs? And Other Questions About Dead Bodies,Caitlin Doughty,"Doughty, Caitlin",,"=""0393652718""","=""9780393652710""",3,4.12,W. W. Norton & Company,Kindle Edition,222,2019,2019,2020/12/30,2020/10/25,,,read,,,,1,0
51170419,One to Watch,Kate Stayman-London,"Stayman-London, Kate",,"=""0525510435""","=""9780525510437""",3,3.87,The Dial Press,Kindle Edition,424,2020,2020,2020/12/25,2020/05/17,,,read,,,,1,0
52994916,"The Heir Affair (Royal We, # 2)",Heather Cocks,"Cocks, Heather",Jessica  Morgan,"=""1538715929""","=""""",3,3.81,Grand Central Publishing,Kindle Edition,481,2020,2020,2020/11/24,2020/05/17,,,read,,,,1,0
35694532,War Storm (Red Queen #4),Victoria Aveyard,"Aveyard, Victoria",,"=""0062423010""","=""9780062423016""",4,3.80,HarperCollins,Kindle Edition,672,2018,2018,2020/11/22,2020/10/24,,,read,,,,1,0
50532094,Cleo McDougal Regrets Nothing,Allison Winn Scotch,"Scotch, Allison Winn",,"=""1542021219""","=""9781542021210""",2,3.66,Lake Union Publishing,Kindle Edition,328,2020,2020,2020/11/08,2020/08/22,,,read,,,,1,0
50048599,The Women in Black,Madeleine St. John,"John, Madeleine St.",,"=""1982134097""","=""9781982134099""",3,3.56,Scribner,Kindle Edition,224,2020,1993,2020/09/01,2020/05/24,,,read,,,,1,0
45978,"Eldest (The Inheritance Cycle, #2)",Christopher Paolini,"Paolini, Christopher",,"=""0375840400""","=""9780375840401""",4,4.05,Knopf Books for Young Readers,Paperback,704,2007,2005,,2020/10/23,,,read,,,,2,0
113436,Eragon (The Inheritance Cycle #1),Christopher Paolini,"Paolini, Christopher",,"=""0375826696""","=""9780375826696""",5,3.97,Alfred A. Knopf,Paperback,503,2005,2002,,2020/10/23,,,read,,,,2,0
40727626,Free Food for Millionaires,Min Jin Lee,"Lee, Min Jin",,"=""""","=""""",4,3.85,Grand Central Publishing,Kindle Edition,577,2007,2007,2023/12/16,2023/11/02,,,read,,,,1,0
45695810,A Gentleman in Moscow,Amor Towles,"Towles, Amor",,"=""""","=""""",5,4.32,Penguin Books,ebook,466,2016,2016,2023/12/09,2020/05/17,,,read,,,,1,0
141322261,"The Selfish Gene: 40th Anniversary Edition (Oxford Landmark Science) by Richard Dawkins 4 edition (Textbook ONLY, Paperback)",Richard Dawkins,"Dawkins, Richard",,"=""""","=""""",0,4.16,,Paperback,0,1940,1976,,2023/11/30,to-read,to-read (#276),to-read,,,,0,0
53137938,The Things We Leave Unfinished,Rebecca Yarros,"Yarros, Rebecca",,"=""1682815668""","=""9781682815663""",0,4.31,Entangled: Amara,Paperback,400,2021,2021,,2023/11/29,to-read,to-read (#275),to-read,,,,0,0
18039963,A House in the Sky,Amanda Lindhout,"Lindhout, Amanda",Sara Corbett,"=""1451651694""","=""9781451651690""",0,4.28,Scribner,Hardcover,373,2013,2013,,2023/11/22,to-read,to-read (#274),to-read,,,,0,0
58536026,Cover Story,Susan Rigetti,"Rigetti, Susan",,"=""006307205X""","=""9780063072053""",0,3.69,William Morrow,Hardcover,368,2022,2022,,2023/11/22,to-read,to-read (#273),to-read,,,,0,0
62039166,The Bee Sting,Paul Murray,"Murray, Paul",,"=""0374600309""","=""9780374600303""",0,3.88,"Farrar, Straus and Giroux",Hardcover,645,2023,2023,,2023/11/22,to-read,to-read (#272),to-read,,,,0,0
782944,Child Star: An Autobiography,Shirley Temple Black,"Black, Shirley Temple",,"=""0446357928""","=""9780446357920""",0,3.97,Warner Books Inc,Hardcover,548,1989,1988,,2023/11/15,to-read,to-read (#271),to-read,,,,0,0
41886271,The Sword of Kaigen,M.L. Wang,"Wang, M.L.",,"=""""","=""""",0,4.44,Amazon Digital Services,Kindle Edition,651,2019,2019,,2023/11/15,to-read,to-read (#270),to-read,,,,0,0
18952341,"The Grace of Kings (The Dandelion Dynasty, #1)",Ken Liu,"Liu, Ken",,"=""1481424270""","=""9781481424271""",0,3.80,Saga Press,Hardcover,640,2015,2015,,2023/11/15,to-read,to-read (#269),to-read,,,,0,0
19161852,"The Fifth Season (The Broken Earth, #1)",N.K. Jemisin,"Jemisin, N.K.",,"=""""","=""""",0,4.28,Orbit,Paperback,468,2015,2015,,2023/11/15,to-read,to-read (#268),to-read,,,,0,0
43587154,"Jade City (The Green Bone Saga, #1)",Fonda Lee,"Lee, Fonda",,"=""0316440884""","=""9780316440882""",0,4.06,Orbit,Paperback,540,2018,2017,,2023/11/15,to-read,to-read (#267),to-read,,,,0,0
15750692,"Malice (The Faithful and the Fallen, #1)",John Gwynne,"Gwynne, John",,"=""0230758452""","=""9780230758452""",0,4.18,Tor,Hardcover,672,2012,2012,,2023/11/15,to-read,to-read (#266),to-read,,,,0,0
77197,"Assassin's Apprentice (Farseer Trilogy, #1)",Robin Hobb,"Hobb, Robin",,"=""055357339X""","=""9780553573398""",0,4.19,Spectra Books,Mass Market Paperback,435,1996,1995,,2023/11/15,to-read,to-read (#265),to-read,,,,0,0
123414959,Behind the Seams: My Life in Rhinestones,Dolly Parton,"Parton, Dolly","Holly George-Warren, Rebecca Seaver","=""1984862138""","=""9781984862136""",0,4.13,Ten Speed Press,Kindle Edition,335,2023,2023,,2023/11/14,to-read,to-read (#264),to-read,,,,0,0
150260809,"Iron Flame (The Empyrean, #2)",Rebecca Yarros,"Yarros, Rebecca",,"=""""","=""""",4,4.36,Entangled: Red Tower Books,Kindle Edition,886,2023,2023,2023/11/14,2023/11/08,,,read,,,,1,0
54120408,Klara and the Sun,Kazuo Ishiguro,"Ishiguro, Kazuo",,"=""059331817X""","=""9780593318171""",0,3.74,Alfred A. Knopf,Hardcover,303,2021,2021,,2023/11/13,to-read,to-read (#263),to-read,,,,0,0
36679274,"Sword Catcher (The Chronicles of Castellane, #1)",Cassandra Clare,"Clare, Cassandra",,"=""0525619992""","=""9780525619994""",0,3.82,Del Rey Books,Hardcover,624,2023,2023,,2023/11/13,to-read,to-read (#262),to-read,,,,0,0
123036004,The Berry Pickers,Amanda    Peters,"Peters, Amanda",,"=""1646221958""","=""9781646221950""",0,4.08,Catapult,Hardcover,307,2023,2023,,2023/11/10,to-read,to-read (#261),to-read,,,,0,0
123163147,The Future,Naomi Alderman,"Alderman, Naomi",,"=""166802568X""","=""9781668025680""",0,3.84,Simon & Schuster,Hardcover,432,2023,2023,,2023/11/08,to-read,to-read (#260),to-read,,,,0,0
33571713,"A Column of Fire (Kingsbridge, #3)",Ken Follett,"Follett, Ken",,"=""052595497X""","=""9780525954972""",5,4.27,Viking Penguin,Hardcover,916,2017,2017,2023/11/03,2021/03/05,,,read,,,,1,0
49239093,"The Evening and the Morning (Kingsbridge, #0)",Ken Follett,"Follett, Ken",,"=""0525954988""","=""9780525954989""",0,4.39,Viking,Hardcover,913,2020,2020,,2023/11/02,to-read,to-read (#259),to-read,,,,0,0
101159944,The Song of the Cell: An Exploration of Medicine and the New Human,Siddhartha Mukherjee,"Mukherjee, Siddhartha",,"=""1982117362""","=""9781982117368""",0,4.29,Scribner,Paperback,496,2023,2022,,2023/11/02,to-read,to-read (#258),to-read,,,,0,0
68045870,"Sword Catcher (The Chronicles of Castellane, #1)",Cassandra Clare,"Clare, Cassandra","Christian Coulson, Fiona Hardingham","=""""","=""""",0,3.82,Random House Audio,Audible Audio,24,2023,2023,,2023/10/29,to-read,to-read (#257),to-read,,,,0,0
123168741,"Murder Your Employer (The McMasters Guide to Homicide, #1)",Rupert Holmes,"Holmes, Rupert",,"=""""","=""""",0,3.80,,Kindle Edition,,2023,2023,,2023/10/29,to-read,to-read (#256),to-read,,,,0,0
29981261,"The Butterfly Garden  (The Collector, #1)",Dot Hutchison,"Hutchison, Dot",,"=""1503989712""","=""9781503989719""",4,4.09,Thomas & Mercer,Kindle Edition,288,2016,2016,2023/10/16,2020/10/25,,,read,,,,1,0
53450790,"The Perfect Marriage (Perfect, #1)",Jeneva Rose,"Rose, Jeneva",,"=""1913419657""","=""9781913419653""",0,3.97,Bloodhound Books,Paperback,337,2020,2020,,2023/10/15,"to-read, did-not-finish","to-read (#255), did-not-finish (#2)",to-read,,,,0,0
57912066,"The Atlas Paradox (The Atlas, #2)",Olivie Blake,"Blake, Olivie",,"=""1250855128""","=""9781250855121""",3,3.49,Tor Books,Kindle Edition,560,2022,2022,2023/10/14,2023/09/27,,,read,,,,1,0
63104676,"The Atlas Complex (The Atlas, #3)",Olivie Blake,"Blake, Olivie",,"=""1529095352""","=""9781529095357""",0,2.84,Pan Macmillan,Hardcover,496,2024,2024,,2023/10/13,to-read,to-read (#254),to-read,,,,0,0
62854842,Ink Blood Sister Scribe,Emma Törzs,"Törzs, Emma",,"=""0063253461""","=""9780063253469""",0,4.00,William Morrow,Hardcover,416,2023,2023,,2023/09/27,to-read,to-read (#253),to-read,,,,0,0
6668467,Winter Garden,Kristin Hannah,"Hannah, Kristin",,"=""0312364121""","=""9780312364120""",4,4.28,St. Martin's Press,Hardcover,394,2010,2010,2023/09/24,2020/05/17,,,read,,,,1,0
57739924,To Paradise,Hanya Yanagihara,"Yanagihara, Hanya",,"=""0385547943""","=""9780385547949""",3,3.73,Doubleday,Kindle Edition,703,2022,2022,2023/09/16,2021/11/18,,,read,,,,1,0
167770288,Counting the Cost,Jill Duggar,"Duggar, Jill","Derick Dillard, Craig Borlase","=""""","=""""",4,4.00,Gallery Books,Kindle Edition,287,2023,2023,2023/09/13,2023/09/12,,,read,,,,1,0
62645226,Dear Dolly: Collected Wisdom,Dolly Alderton,"Alderton, Dolly",,"=""0063319136""","=""9780063319134""",0,3.78,Harper,Hardcover,240,2023,2022,,2023/09/06,to-read,to-read (#252),to-read,,,,0,0
59337677,"Before She Disappeared (Frankie Elkin, #1)",Lisa Gardner,"Gardner, Lisa",,"=""""","=""""",0,3.96,Dutton,Kindle Edition,395,2021,2021,,2021/01/19,to-read,to-read (#251),to-read,,,,0,0
255134,Catherine de Medici: Renaissance Queen of France,Leonie Frieda,"Frieda, Leonie",,"=""0060744936""","=""9780060744939""",0,3.96,Harper Perennial,Paperback,440,2006,2003,,2022/07/20,to-read,to-read (#250),to-read,,,,0,0
10054335,Rules of Civility,Amor Towles,"Towles, Amor",,"=""""","=""""",5,4.09,Viking Adult,Hardcover,335,2011,2011,2023/09/04,2023/09/02,,,read,,,,1,0
50520939,"The Atlas Six (The Atlas, #1)",Olivie Blake,"Blake, Olivie",,"=""""","=""""",4,3.54,,Kindle Edition,376,2020,2020,2023/09/02,2023/09/01,,,read,,,,1,0
19438067,"Shadow of Night (All Souls Trilogy, #2)",Deborah Harkness,"Harkness, Deborah",,"=""1101578939""","=""9781101578933""",0,4.08,Penguin,Kindle Edition,721,2012,2012,,2023/08/02,to-read,to-read (#249),to-read,,,,0,0
33253215,The Heart's Invisible Furies,John Boyne,"Boyne, John",,"=""""","=""""",5,4.51,Hogarth Press,Hardcover,582,2017,2017,2023/08/30,2023/08/06,,,read,,,,1,0
49247349,The Undying,Anne Boyer,"Boyer, Anne",,"=""1250757983""","=""9781250757982""",0,4.15,Picador,Paperback,308,2020,2019,,2023/08/19,to-read,to-read (#248),to-read,,,,0,0
36578942,"The 100-Year-Old Man Who Climbed Out the Window and Disappeared (The Hundred-Year-Old Man, #1)",Jonas Jonasson,"Jonasson, Jonas",,"=""""","=""""",0,3.82,Hachette Books,Kindle Edition,396,2012,2009,,2023/08/19,to-read,to-read (#247),to-read,,,,0,0
10836813,The Time in Between,María Dueñas,"Dueñas, María",Daniel Hahn,"=""1451616880""","=""9781451616880""",0,4.20,Atria Books,Hardcover,615,2011,2009,,2023/08/06,to-read,to-read (#246),to-read,,,,0,0
8667848,"A Discovery of Witches (All Souls, #1)",Deborah Harkness,"Harkness, Deborah",,"=""0670022411""","=""9780670022410""",3,4.02,Viking Penguin,Hardcover,592,2011,2011,2023/07/30,2020/05/17,,,read,,,,1,0
18007564,The Martian,Andy Weir,"Weir, Andy",,"=""0804139024""","=""9780804139021""",3,4.42,Crown Publishers,Hardcover,369,2014,2011,2023/07/25,2023/07/23,,,read,,,,1,0
17465453,The Signature of All Things,Elizabeth Gilbert,"Gilbert, Elizabeth",,"=""0670024856""","=""9780670024858""",3,3.88,Riverhead Books,Hardcover,512,2013,2013,2023/07/14,2023/07/02,,,read,,,,1,0
7244,The Poisonwood Bible,Barbara Kingsolver,"Kingsolver, Barbara",,"=""0060786507""","=""9780060786502""",4,4.11,Harper Perennial Modern Classics,Paperback,546,2005,1998,2023/06/18,2023/04/30,,,read,,,,1,0
60415700,Now Is Not the Time to Panic,Kevin    Wilson,"Wilson, Kevin",,"=""0062913506""","=""9780062913500""",4,3.68,Ecco,Hardcover,246,2022,2022,2023/04/14,2022/12/14,,,read,,,,1,0
62971668,Someone Else's Shoes,Jojo Moyes,"Moyes, Jojo",,"=""1984879294""","=""9781984879295""",0,3.96,Pamela Dorman Books,Hardcover,438,2023,2023,,2023/04/12,to-read,to-read (#245),to-read,,,,0,0
59912428,Mad Honey,Jodi Picoult,"Picoult, Jodi",Jennifer Finney Boylan,"=""1984818384""","=""9781984818386""",0,4.07,Ballantine,Hardcover,464,2022,2022,,2023/04/12,to-read,to-read (#244),to-read,,,,0,0
60000306,In My Dreams I Hold a Knife,Ashley Winstead,"Winstead, Ashley",,"=""1728243203""","=""9781728243207""",4,3.79,Sourcebooks Landmark,Paperback,336,2022,2021,2023/04/12,2022/04/09,,,read,,,,1,0
59568320,"Blade Breaker (Realm Breaker, #2)",Victoria Aveyard,"Aveyard, Victoria",,"=""0062872680""","=""9780062872685""",4,3.94,HarperTeen,Kindle Edition,576,2022,2022,2023/04/10,2022/06/30,,,read,,,,1,0
58537371,Nightcrawling,Leila Mottley,"Mottley, Leila",,"=""0593318935""","=""9780593318935""",0,3.95,Knopf,Hardcover,277,2022,2022,,2023/04/05,to-read,to-read (#243),to-read,,,,0,0
60652997,"Hell Bent (Alex Stern, #2)",Leigh Bardugo,"Bardugo, Leigh",,"=""1250313104""","=""9781250313102""",4,4.10,Flatiron Books,Hardcover,481,2023,2023,2023/04/03,2023/01/07,,,read,,,,1,0
57597229,A Day Like This,Kelley McNeil,"McNeil, Kelley",,"=""1542030447""","=""9781542030441""",3,4.19,Lake Union Publishing,Paperback,287,2021,2021,2023/04/02,2023/03/16,,,read,,,,1,0
51187948,"The Splendid and the Vile: A Saga of Churchill, Family, and Defiance During the Blitz",Erik Larson,"Larson, Erik",,"=""038534872X""","=""9780385348720""",3,4.30,Crown ,Kindle Edition,546,2020,2020,2023/02/09,2020/05/17,,,read,,,,1,0
1305,Gates of Fire,Steven Pressfield,"Pressfield, Steven",,"=""055338368X""","=""9780553383683""",0,4.40,Bantam,Paperback,526,2005,1998,,2023/02/02,to-read,to-read (#242),to-read,,,,0,0
32148570,Before We Were Yours,Lisa Wingate,"Wingate, Lisa",,"=""0425284689""","=""9780425284681""",5,4.40,Ballantine Books,Hardcover,342,2017,2017,2023/01/28,2020/12/26,,,read,,,,1,0
16328,"The Murder of Roger Ackroyd (Hercule Poirot, #4)",Agatha Christie,"Christie, Agatha",,"=""1579126278""","=""9781579126278""",0,4.26,Black Dog & Leventhal Pub,Hardcover,288,2006,1926,,2023/01/28,to-read,to-read (#241),to-read,,,,0,0
57899793,All My Rage,Sabaa Tahir,"Tahir, Sabaa",,"=""0593202341""","=""9780593202340""",5,4.48,Razorbill,Hardcover,376,2022,2022,2023/01/23,2022/06/20,,,read,,,,1,0
62052300,Quietly Hostile: Essays,Samantha Irby,"Irby, Samantha",,"=""0593315693""","=""9780593315699""",0,3.67,Vintage,Paperback,290,2023,2023,,2023/01/22,to-read,to-read (#240),to-read,,,,0,0
56783258,Cloud Cuckoo Land,Anthony Doerr,"Doerr, Anthony",,"=""1982168439""","=""9781982168438""",5,4.25,Scribner,Hardcover,626,2021,2021,2023/01/21,2022/07/20,,,read,,,,1,0
54906250,Project Hail Mary,Andy Weir,"Weir, Andy",,"=""""","=""""",5,4.50,Ballantine Books,ebook,549,2021,2021,2023/01/08,2022/12/02,,,read,,,,1,0
60393265,"It Starts with Us (It Ends with Us, #2)",Colleen Hoover,"Hoover, Colleen",,"=""1668001233""","=""9781668001233""",4,3.84,Atria Books,Kindle Edition,332,2022,2022,2023/01/08,2022/11/27,,,read,,,,1,0
59361848,The It Girl,Ruth Ware,"Ware, Ruth",,"=""1982155280""","=""9781982155285""",0,3.84,Gallery/Scout Press,Kindle Edition,432,2022,2022,,2023/01/05,to-read,to-read (#239),to-read,,,,0,0
54846475,The Thursday Murder Club,Richard Osman,"Osman, Richard",,"=""1984880977""","=""9781984880970""",4,3.86,Pamela Dorman Books,Kindle Edition,368,2020,2020,2023/01/05,2022/11/23,,,read,,,,1,0
58784475,"Tomorrow, and Tomorrow, and Tomorrow",Gabrielle Zevin,"Zevin, Gabrielle",,"=""0735243344""","=""9780735243347""",4,4.11,Knopf,Hardcover,399,2022,2022,2023/01/02,2022/12/02,,,read,,,,1,0
60435878,Carrie Soto Is Back,Taylor Jenkins Reid,"Reid, Taylor Jenkins",,"=""0593158687""","=""9780593158685""",0,4.20,Ballantine Books,Hardcover,384,2022,2022,,2023/01/02,to-read,to-read (#238),to-read,,,,0,0
60877616,"Really Good, Actually",Monica Heisey,"Heisey, Monica",,"=""0063235412""","=""9780063235410""",0,3.14,William Morrow,Hardcover,370,2023,2023,,2023/01/02,to-read,to-read (#237),to-read,,,,0,0
10992125,Closer Than Blood (Waterman & Stark #2),Gregg Olsen,"Olsen, Gregg",,"=""0786027908""","=""9780786027903""",2,3.96,Pinnacle,Kindle Edition,432,2011,2011,2022/12/29,2022/10/15,,,read,,,,1,0
58446227,Sea of Tranquility,Emily St. John Mandel,"Mandel, Emily St. John",,"=""0593321448""","=""9780593321447""",0,4.05,Knopf,Hardcover,259,2022,2022,,2022/12/27,to-read,to-read (#236),to-read,,,,0,0
18774964,A Man Called Ove,Fredrik Backman,"Backman, Fredrik",Henning Koch,"=""1476738017""","=""9781476738017""",5,4.38,Atria Books,Hardcover,337,2014,2012,2022/12/19,2022/12/18,,,read,,,,1,0
60784526,Where Coyotes Howl,Sandra Dallas,"Dallas, Sandra",,"=""1250277906""","=""9781250277909""",4,3.97,St. Martin's Press,Hardcover,320,2023,2023,2022/12/18,2022/12/18,,,read,,,,1,0
53279745,Girls with Bright Futures,Tracy Dobmeier,"Dobmeier, Tracy",Wendy Katzman,"=""1728216478""","=""9781728216478""",4,4.04,Sourcebooks,Kindle Edition,387,2021,2021,2022/12/16,2022/12/15,,,read,,,,1,0
40130093,Once Upon a River,Diane Setterfield,"Setterfield, Diane",,"=""0743298071""","=""9780743298070""",5,3.94,Atria/Emily Bestler Books,Hardcover,464,2018,2018,2022/12/14,2022/12/14,,,read,,,,1,0
40935886,Calypso,David Sedaris,"Sedaris, David",,"=""0349141894""","=""9780349141893""",0,4.10,Abacus,Paperback,272,2019,2018,,2022/12/14,to-read,to-read (#235),to-read,,,,0,0
57698794,Notes on an Execution,Danya Kukafka,"Kukafka, Danya",,"=""""","=""""",5,4.03,William Morrow,Kindle Edition,308,2022,2022,2022/12/04,2022/06/20,,,read,,,,1,0
58473768,One Italian Summer,Rebecca Serle,"Serle, Rebecca",,"=""1982166819""","=""9781982166816""",2,3.59,Atria,Kindle Edition,268,2022,2022,2022/12/04,2022/12/03,,,read,,,,1,0
58468990,The Paris Apartment,Lucy Foley,"Foley, Lucy",,"=""0063003058""","=""9780063003057""",3,3.64,William Morrow,Hardcover,360,2022,2022,2022/12/03,2022/04/09,,,read,,,,1,0
60353768,The Marriage Portrait,Maggie O'Farrell,"O'Farrell, Maggie",,"=""""","=""""",0,4.01,Knopf Publishing Group,Hardcover,355,2022,2022,,2022/12/02,to-read,to-read (#234),to-read,,,,0,0
58733693,Remarkably Bright Creatures,Shelby Van Pelt,"Pelt, Shelby Van",,"=""0063204150""","=""9780063204157""",0,4.36,Ecco,ebook,302,2022,2022,,2022/12/02,to-read,to-read (#233),to-read,,,,0,0
57701764,Wish You Were Here,Jodi Picoult,"Picoult, Jodi",,"=""1984818414""","=""9781984818416""",0,3.91,Ballantine Books,Hardcover,310,2021,2021,,2022/12/02,to-read,to-read (#232),to-read,,,,0,0
60149573,Our Missing Hearts,Celeste Ng,"Ng, Celeste",,"=""0593492544""","=""9780593492543""",0,3.79,Penguin Press,Hardcover,335,2022,2022,,2022/12/02,to-read,to-read (#231),to-read,,,,0,0
58065033,Lessons in Chemistry,Bonnie Garmus,"Garmus, Bonnie",,"=""""","=""""",0,4.28,Doubleday Books,Hardcover,390,2022,2022,,2022/12/02,to-read,to-read (#230),to-read,,,,0,0
13330370,"The Last Policeman (The Last Policeman, #1)",Ben H. Winters,"Winters, Ben H.",,"=""1594745765""","=""9781594745768""",0,3.77,Quirk Books,Paperback,316,2012,2012,,2022/12/02,to-read,to-read (#229),to-read,,,,0,0
54790816,The Dictionary of Lost Words,Pip Williams,"Williams, Pip",,"=""1984820737""","=""9781984820730""",4,4.01,Ballantine Books,Kindle Edition,400,2021,2020,2022/11/27,2021/12/09,,,read,,,,1,0
59109077,Horse,Geraldine Brooks,"Brooks, Geraldine",,"=""0399562966""","=""9780399562969""",0,4.24,Viking,Hardcover,401,2022,2022,,2022/11/27,to-read,to-read (#228),to-read,,,,0,0
58684300,Left on Tenth: A Second Chance at Life,Delia Ephron,"Ephron, Delia",,"=""0316267651""","=""9780316267656""",0,4.09,"Little, Brown and Company",Hardcover,304,2022,2022,,2022/11/23,to-read,to-read (#227),to-read,,,,0,0
58884736,The Measure,Nikki Erlick,"Erlick, Nikki",,"=""0063204207""","=""9780063204201""",0,3.96,William Morrow,Hardcover,353,2022,2022,,2022/11/23,to-read,to-read (#226),to-read,,,,0,0
59314709,Counterfeit,Kirstin Chen,"Chen, Kirstin",,"=""""","=""""",5,3.48,William Morrow,Hardcover,288,2022,2022,2022/11/15,2022/11/14,,,read,,,,1,0
59364173,I'm Glad My Mom Died,Jennette McCurdy,"McCurdy, Jennette",,"=""""","=""""",5,4.43,Simon & Schuster,ebook,320,2022,2022,2022/11/08,2022/09/22,,,read,,,,1,0
32903085,"La Tempête des échos (La Passe-Miroir, #4)",Christelle Dabos,"Dabos, Christelle",,"=""2075093865""","=""9782075093866""",2,3.74,Gallimard Jeunesse,Paperback,572,2019,2019,2022/11/04,2022/01/08,,,read,,,,1,0
55648601,Carmilla,J. Sheridan Le Fanu,"Fanu, J. Sheridan Le",,"=""1782275843""","=""9781782275848""",0,3.87,Pushkin Press,Hardcover,156,2021,1872,,2022/10/30,to-read,to-read (#225),to-read,,,,0,0
49537194,Dead to Her,Sarah Pinborough,"Pinborough, Sarah",Saskia Maarleveld,"=""0062856855""","=""9780062856852""",4,3.32,William Morrow,Kindle Edition,400,2020,2020,2022/10/10,2020/12/29,,,read,,,,1,0
41957126,Verity,Colleen Hoover,"Hoover, Colleen",,"=""""","=""""",4,4.29,"Hoover Ink, Inc.",Kindle Edition,324,2018,2018,2020/08/22,2020/05/17,favorites,favorites (#10),read,,,,2,0
16130537,The Humans,Matt Haig,"Haig, Matt",,"=""1476727910""","=""9781476727912""",5,4.07,Simon & Schuster,Hardcover,285,2013,2013,2022/10/02,2021/06/11,,,read,,,,1,0
45892276,You're Not Listening: What You're Missing and Why It Matters,Kate   Murphy,"Murphy, Kate",,"=""1250297192""","=""9781250297198""",3,4.07,Celadon Books,Hardcover,278,2020,2020,2022/10/02,2021/03/03,,,read,,,,1,0
57807605,Daughters of Sparta,Claire Heywood,"Heywood, Claire",,"=""059318436X""","=""9780593184363""",4,3.86,Dutton,Kindle Edition,383,2021,2021,2022/01/31,2021/11/17,,,read,,,,1,0
41715227,Evidence of the Affair,Taylor Jenkins Reid,"Reid, Taylor Jenkins",,"=""1542044510""","=""9781542044516""",5,3.85,Amazon Original Stories,Kindle Edition,88,2018,2018,2022/09/22,2020/05/23,,,read,,,,1,0
56769614,Poison for Breakfast,Lemony Snicket,"Snicket, Lemony",,"=""1324090626""","=""9781324090625""",5,3.85,Liveright,Hardcover,158,2021,2021,2022/09/22,2021/11/27,,,read,,,,1,0
56753637,Cultish,Amanda Montell,"Montell, Amanda",,"=""0062993178""","=""9780062993175""",4,3.80,Harper,Kindle Edition,310,2021,2021,2022/08/13,2022/05/30,,,read,,,,1,0
57693172,A Flicker in the Dark,Stacy Willingham,"Willingham, Stacy",,"=""1250803829""","=""9781250803825""",0,3.97,Minotaur Books,Hardcover,357,2022,2022,,2022/08/05,to-read,to-read (#224),to-read,,,,0,0
42399951,The Overdue Life of Amy Byler,Kelly Harms,"Harms, Kelly",,"=""1542090571""","=""9781542090575""",4,3.84,Lake Union Publishing,Kindle Edition,328,2019,2019,2022/08/03,2020/08/24,,,read,,,,1,0
53914938,The Rose Code,Kate Quinn,"Quinn, Kate",,"=""0062943472""","=""9780062943477""",5,4.44,William Morrow,Paperback,656,2021,2021,2022/07/25,2021/08/31,,,read,,,,1,0
10847,Under the Banner of Heaven: A Story of Violent Faith,Jon Krakauer,"Krakauer, Jon",,"=""0330419129""","=""9780330419123""",0,4.01,Pan MacMillan,Paperback,432,2004,2003,,2022/07/20,to-read,to-read (#223),to-read,,,,0,0
55650158,Take My Hand,Dolen Perkins-Valdez,"Perkins-Valdez, Dolen",,"=""0593337697""","=""9780593337691""",0,4.36,Berkley,Hardcover,368,2022,2022,,2022/07/20,to-read,to-read (#222),to-read,,,,0,0
58505877,"Run, Rose, Run",Dolly Parton,"Parton, Dolly",James  Patterson,"=""075955434X""","=""9780759554344""",3,3.79,"Little, Brown and Company",Hardcover,439,2022,2022,2022/07/16,2022/06/20,,,read,,,,1,0
56238755,"Firefly Lane (Firefly Lane, #1)",Kristin Hannah,"Hannah, Kristin",,"=""0312537077""","=""9780312537074""",5,4.20,St. Martin's Griffin,Paperback,513,2020,2008,2022/07/10,2020/12/24,,,read,,,,1,0
49570871,"Mistress of Rome (The Empress of Rome, #1)",Kate Quinn,"Quinn, Kate",,"=""0425232476""","=""9780425232477""",0,4.02,Berkley Books,Paperback,470,2019,2010,,2022/07/09,to-read,to-read (#221),to-read,,,,0,0
57109107,The Lincoln Highway,Amor Towles,"Towles, Amor",,"=""0735222355""","=""9780735222359""",5,4.22,Viking,Hardcover,576,2021,2021,2022/07/04,2022/07/03,,,read,,,,1,0
54513688,"Realm Breaker (Realm Breaker, #1)",Victoria Aveyard,"Aveyard, Victoria",,"=""""","=""""",4,3.57,Orion Publishing,ebook,576,2021,2021,2022/07/02,2021/02/17,,,read,,,,1,0
59776891,Rivals (American Royals #3),Katharine McGee,"McGee, Katharine",,"=""0593429729""","=""9780593429723""",0,3.77,Random House,Kindle Edition,398,2022,2022,,2022/06/30,to-read,to-read (#220),to-read,,,,0,0
45007888,If She Were Dead,J.P.  Smith,"Smith, J.P.",,"=""1492669032""","=""9781492669036""",2,2.97,Poisoned Pen Press,Paperback,320,2020,2020,2022/06/25,2022/06/24,,,read,,,,1,0
53331127,Pachinko,Min Jin Lee,"Lee, Min Jin",,"=""""","=""""",5,4.34,Grand Central Publishing,ebook,496,2017,2017,2022/06/21,2021/12/11,,,read,,,,1,0
56978089,"A Magic Steeped in Poison (The Book of Tea, #1)",Judy I. Lin,"Lin, Judy I.",,"=""1250767083""","=""9781250767080""",0,3.81,Feiwel and Friends,Hardcover,384,2022,2022,,2022/06/20,to-read,to-read (#219),to-read,,,,0,0
57021127,Portrait of a Thief,Grace D. Li,"Li, Grace D.",,"=""0593184734""","=""9780593184738""",0,3.43,Tiny Reparations Books,Hardcover,375,2022,2022,,2022/06/20,to-read,to-read (#218),to-read,,,,0,0
57693168,Reckless Girls,Rachel Hawkins,"Hawkins, Rachel",,"=""1250274257""","=""9781250274250""",0,3.55,St. Martin's Press,Hardcover,320,2022,2022,,2022/06/20,to-read,to-read (#217),to-read,,,,0,0
43667481,"The Library of the Unwritten (Hell's Library, #1)",A.J. Hackwith,"Hackwith, A.J.",,"=""1984806378""","=""9781984806376""",3,3.80,Ace,Paperback,375,2019,2019,2022/06/19,2022/02/23,,,read,,,,1,0
40390752,The Huntress,Kate Quinn,"Quinn, Kate",,"=""0062740377""","=""9780062740373""",5,4.30,William Morrow Paperbacks,Paperback,530,2019,2019,2022/06/17,2020/12/24,,,read,,,,1,0
26114463,Nevernight (The Nevernight Chronicle #1),Jay Kristoff,"Kristoff, Jay",,"=""1250073022""","=""9781250073020""",0,4.22,St. Martin's Press,Hardcover,427,2016,2016,,2022/06/10,to-read,to-read (#216),to-read,,,,0,0
27362503,"It Ends with Us (It Ends with Us, #1)",Colleen Hoover,"Hoover, Colleen",,"=""1668021048""","=""9781668021040""",3,4.08,Atria Books,Kindle Edition,386,2023,2016,2022/06/10,2020/08/22,,,read,,,,1,0
57690123,"The Maid (Molly the Maid, #1)",Nita Prose,"Prose, Nita",,"=""""","=""""",4,3.75,Ballantine Books,Kindle Edition,385,2022,2022,2022/06/08,2021/05/20,,,read,,,,1,0
39402272,The Power,Naomi Alderman,"Alderman, Naomi",,"=""""","=""""",4,3.75,"Little, Brown and Company",Kindle Edition,416,2017,2016,2022/06/08,2020/05/17,,,read,,,,1,0
40538657,The Island of Sea Women,Lisa See,"See, Lisa",,"=""""","=""""",0,4.32,Scribner,Hardcover,374,2019,2019,,2022/06/04,to-read,to-read (#215),to-read,,,,0,0
40180098,The Overstory,Richard Powers,"Powers, Richard",,"=""039335668X""","=""9780393356687""",0,4.11,W.W. Norton & Company,Paperback,502,2019,2018,,2022/06/04,to-read,to-read (#214),to-read,,,,0,0
58061810,The Paper Palace,Miranda Cowley Heller,"Heller, Miranda Cowley",,"=""0593329848""","=""9780593329849""",3,3.78,Riverhead Books,Kindle Edition,400,2021,2021,2022/05/29,2021/08/23,,,read,,,,1,0
34275217,If We Were Villains,M.L. Rio,"Rio, M.L.",,"=""1250095298""","=""9781250095299""",0,4.09,Flatiron Books,Paperback,354,2018,2017,,2022/05/29,to-read,to-read (#213),to-read,,,,0,0
58672976,Notes on Your Sudden Disappearance,Alison Espach,"Espach, Alison",,"=""1250823145""","=""9781250823144""",0,3.81,Henry Holt and Co.,Hardcover,352,2022,2022,,2022/05/29,to-read,to-read (#212),to-read,,,,0,0
58340733,The Great Witch of Brittany,Louisa Morgan,"Morgan, Louisa",,"=""0316628743""","=""9780316628747""",0,4.24,Redhook,Hardcover,400,2022,2022,,2022/05/29,to-read,to-read (#211),to-read,,,,0,0
58311995,Theatre of Marvels,Lianne Dillsworth,"Dillsworth, Lianne",Kathryn Drysdale,"=""0358627915""","=""9780358627913""",0,3.38,Harper,Hardcover,320,2022,2022,,2022/05/29,to-read,to-read (#210),to-read,,,,0,0
58502683,The Orchard,Kristina Gorcheva-Newberry,"Gorcheva-Newberry, Kristina",,"=""0593356012""","=""9780593356012""",0,4.09,Ballantine Books,Hardcover,384,2022,2022,,2022/05/29,to-read,to-read (#209),to-read,,,,0,0
56145179,A Slow Fire Burning,Paula Hawkins,"Hawkins, Paula",,"=""0735211256""","=""9780735211254""",3,3.50,Riverhead Books,Kindle Edition,320,2021,2021,2022/05/23,2022/05/22,,,read,,,,1,0
29340182,Shrill: Notes from a Loud Woman,Lindy West,"West, Lindy",,"=""0316348406""","=""9780316348409""",4,4.16,Hachette,Hardcover,260,2016,2016,2022/05/21,2021/10/05,,,read,,,,1,0
56794038,The Mermaid of Jeju,Sumi Hahn,"Hahn, Sumi",,"=""1662055307""","=""9781662055300""",4,3.89,,Audiobook,,2020,2020,2022/05/21,2022/01/18,,,read,,,,1,0
49754777,Girls of Brackenhill,Kate Moretti,"Moretti, Kate",,"=""1542000092""","=""9781542000093""",3,3.76,Thomas & Mercer,Kindle Edition,330,2020,2020,2022/04/13,2020/10/25,,,read,,,,1,0
29492577,The Invitation,Lucy Foley,"Foley, Lucy",,"=""""","=""""",4,3.58,"Little, Brown and Company",Kindle Edition,432,2016,2016,2022/04/09,2021/03/24,,,read,,,,1,0
58502645,Unlikely Animals,Annie  Hartnett,"Hartnett, Annie",,"=""0593160223""","=""9780593160220""",0,4.06,Ballantine Books,Hardcover,348,2022,2022,,2022/04/09,to-read,to-read (#208),to-read,,,,0,0
60060431,"Things We Never Got Over (Knockemout, #1)",Lucy Score,"Score, Lucy",,"=""1945631848""","=""9781945631849""",0,4.12,That's What She Said Publishing,Kindle Edition,572,2022,2022,,2022/04/09,to-read,to-read (#207),to-read,,,,0,0
55439366,Malibu Rising,Taylor Jenkins Reid,"Reid, Taylor Jenkins",,"=""""","=""""",5,4.02,Ballantine Books,Kindle Edition,365,2021,2021,2022/04/04,2021/01/23,,,read,,,,1,0
55373408,A Splendid Ruin,Megan Chance,"Chance, Megan",,"=""154202238X""","=""9781542022385""",4,4.14,Lake Union Publishing,Kindle Edition,347,2021,2021,2022/03/26,2021/02/05,,,read,,,,1,0
27276262,Lily and the Octopus,Steven  Rowley,"Rowley, Steven",,"=""1501126229""","=""9781501126222""",0,3.74,Simon & Schuster,Hardcover,307,2016,2016,,2022/03/25,to-read,to-read (#206),to-read,,,,0,0
42421761,Where the Crawdads Sing,Delia Owens,"Owens, Delia",,"=""""","=""""",5,4.37,G.P. Putnam's Sons,ebook,370,2018,2018,2022/03/25,2020/05/17,,,read,,,,1,0
52089753,Layla,Colleen Hoover,"Hoover, Colleen",,"=""1542000181""","=""9781542000185""",3,3.63,Montlake,Kindle Edition,305,2020,2020,2022/03/20,2020/12/20,,,read,,,,1,0
448873,"The Thief (The Queen's Thief, #1)",Megan Whalen Turner,"Turner, Megan Whalen",,"=""0060824972""","=""9780060824976""",0,3.85,Greenwillow Books,Paperback,280,2005,1996,,2022/03/19,to-read,to-read (#205),to-read,,,,0,0
45892255,Sharks in the Time of Saviors,Kawai Strong Washburn,"Washburn, Kawai Strong",,"=""0374272085""","=""9780374272081""",4,3.82,MCD,Hardcover,376,2020,2020,2022/03/01,2022/02/27,,,read,,,,1,0
56269049,A Net for Small Fishes,Lucy Jago,"Jago, Lucy",,"=""1250261953""","=""9781250261953""",0,3.86,Flatiron Books,Hardcover,352,2021,2021,,2022/02/19,to-read,to-read (#204),to-read,,,,0,0
59407415,Girl A,Abigail Dean,"Dean, Abigail",,"=""0593295862""","=""9780593295861""",0,3.63,Penguin Books,Paperback,352,2022,2021,,2022/02/19,to-read,to-read (#203),to-read,,,,0,0
27833803,The Hike,Drew Magary,"Magary, Drew",,"=""0399563857""","=""9780399563850""",0,3.97,Viking,Hardcover,278,2016,2016,,2022/02/11,to-read,to-read (#202),to-read,,,,0,0
40139531,"Maid: Hard Work, Low Pay, and a Mother's Will to Survive",Stephanie  Land,"Land, Stephanie",Barbara Ehrenreich,"=""0316505102""","=""9780316505109""",4,3.86,Hachette,Kindle Edition,272,2019,2019,2022/02/06,2021/06/13,,,read,,,,1,0
32903079,"La Mémoire de Babel (La Passe-Miroir, #3)",Christelle Dabos,"Dabos, Christelle",,"=""2075081891""","=""9782075081894""",4,4.19,Gallimard,Paperback,496,2017,2017,2022/01/28,2022/01/08,,,read,,,,1,0
52346471,"Firekeeper’s Daughter (Firekeeper's Daughter, #1)",Angeline Boulley,"Boulley, Angeline",,"=""""","=""""",0,4.31,"Henry, Holt and Co. (BYR)",Hardcover,496,2021,2021,,2022/01/27,to-read,to-read (#201),to-read,,,,0,0
50265237,Eliza Starts a Rumor,Jane L. Rosen,"Rosen, Jane L.",,"=""""","=""""",4,3.83,Berkley Publishing Group,ebook,320,2020,2020,2022/01/27,2021/09/18,,,read,,,,1,0
56169546,"The Last Thing He Told Me (Hannah Hall, #1)",Laura Dave,"Dave, Laura",,"=""1501171364""","=""9781501171369""",4,3.83,Simon & Schuster,Kindle Edition,316,2021,2021,2022/01/25,2021/08/23,,,read,,,,1,0
12145147,The Age of Innocence,Edith Wharton,"Wharton, Edith",Lionel Shriver,"=""""","=""""",3,3.97,Vintage Digital,Kindle Edition,258,2008,1920,2022/01/24,2021/02/26,,,read,,,,1,0
52696537,If I Had Your Face,Frances Cha,"Cha, Frances",,"=""0593129466""","=""9780593129463""",0,3.74,Ballantine Books,Hardcover,288,2020,2020,,2022/01/18,to-read,to-read (#200),to-read,,,,0,0
59042329,"The Silence of the Girls (Women of Troy, #1)",Pat Barker,"Barker, Pat",,"=""""","=""""",3,3.89,Vintage,Kindle Edition,292,2018,2018,2022/01/18,2022/01/08,,,read,,,,1,0
53496907,The Four Winds,Kristin Hannah,"Hannah, Kristin",,"=""1250178622""","=""9781250178626""",5,4.30,St. Martin's Press,Kindle Edition,464,2021,2021,2022/01/12,2021/02/05,,,read,,,,1,0
52656911,The Guest List,Lucy Foley,"Foley, Lucy",,"=""""","=""""",3,3.79,William Morrow,Kindle Edition,319,2020,2020,2022/01/13,2020/05/19,,,read,,,,1,0
26008840,"Les Disparus du Clairdelune (La Passe-Miroir, #2)",Christelle Dabos,"Dabos, Christelle",,"=""2070661989""","=""9782070661985""",4,4.43,Gallimard,Paperback,560,2015,2015,2022/01/11,2022/01/08,,,read,,,,1,0
8228625,The Museum of Innocence (Vintage International),Orhan Pamuk,"Pamuk, Orhan",Maureen Freely,"=""0307273261""","=""9780307273260""",3,3.79,Vintage Intl,Kindle Edition,562,2009,2008,2022/01/08,2021/10/08,,,read,,,,1,0
40969531,"A Winter's Promise (The Mirror Visitor, #1)",Christelle Dabos,"Dabos, Christelle",Hildegarde Serle,"=""1787701425""","=""9781787701427""",4,4.01,Europa Editions,Kindle Edition,446,2018,2013,2022/01/02,2021/04/09,,,read,,,,1,0
49090884,Tender Is the Flesh,Agustina Bazterrica,"Bazterrica, Agustina",Sarah Moses,"=""""","=""""",0,3.77,Scribner,Paperback,209,2020,2017,,2022/01/02,to-read,to-read (#199),to-read,,,,0,0
35068705,"The Poppy War (The Poppy War, #1)",R.F. Kuang,"Kuang, R.F.",,"=""0062662597""","=""9780062662590""",0,4.16,Harper Voyager,Kindle Edition,545,2018,2018,,2022/01/02,to-read,to-read (#198),to-read,,,,0,0
53249847,So You Want to Talk About Race,Ijeoma Oluo,"Oluo, Ijeoma",,"=""1541619226""","=""9781541619227""",5,4.48,Seal Press,Kindle Edition,266,2020,2018,2021/12/31,2021/12/30,,,read,,,,1,0
43262893,The Wives,Tarryn Fisher,"Fisher, Tarryn",,"=""1488054355""","=""9781488054358""",4,3.66,Graydon House,ebook,295,2019,2019,2020/04/17,2020/05/17,,,read,,,,1,0
54976986,Great Circle,Maggie Shipstead,"Shipstead, Maggie",,"=""""","=""""",0,4.09,Knopf,Hardcover,608,2021,2021,,2021/12/31,to-read,to-read (#197),to-read,,,,0,0
59082518,"Ledge (The Glacian Trilogy, #1)",Stacey McEwan,"McEwan, Stacey",,"=""0645289310""","=""9780645289312""",0,3.68,Stacey McEwan,Kindle Edition,335,2021,2021,,2021/08/30,to-read,to-read (#178),to-read,,,,0,0
56933202,Competitive Grieving,Nora Zelevansky,"Zelevansky, Nora",,"=""""","=""""",0,3.84,Blackstone Publishing,Kindle Edition,341,2021,2021,,2021/03/12,to-read,to-read (#119),to-read,,,,0,0
44806537,Anne Boleyn: 500 Years of Lies,Hayley Nolan,"Nolan, Hayley",,"=""1542041139""","=""9781542041133""",3,3.76,Little A,Kindle Edition,327,2019,2019,2021/12/28,2020/11/07,,,read,,,,1,0
57312022,"The House in the Cerulean Sea (Cerulean Chronicles, #1)",T.J. Klune,"Klune, T.J.",,"=""""","=""""",3,4.36,Tor Books,ebook,393,2020,2020,2021/12/22,2021/12/03,,,read,,,,1,0
228665,"The Eye of the World (The Wheel of Time, #1)",Robert Jordan,"Jordan, Robert",,"=""0812511816""","=""9780812511819""",0,4.19,Tor Books,Mass Market Paperback,800,1990,1990,,2021/12/21,to-read,to-read (#196),to-read,,,,0,0
20562717,"The Name of the Wind (The Kingkiller Chronicle, #1)",Patrick Rothfuss,"Rothfuss, Patrick",,"=""""","=""""",0,4.52,DAW,Kindle Edition,696,2007,2007,,2021/12/17,to-read,to-read (#195),to-read,,,,0,0
49534036,Anxious People,Fredrik Backman,"Backman, Fredrik",Neil   Smith,"=""1501160850""","=""9781501160851""",4,4.17,Atria Books,Kindle Edition,346,2020,2019,2021/12/17,2021/05/30,,,read,,,,1,0
18144124,I Am Pilgrim,Terry Hayes,"Hayes, Terry",,"=""1439177724""","=""9781439177723""",0,4.30,Atria/Emily Bestler Books,Hardcover,612,2014,2013,,2021/12/11,to-read,to-read (#194),to-read,,,,0,0
53108625,Jonathan Strange & Mr Norrell,Susanna Clarke,"Clarke, Susanna",,"=""""","=""""",4,3.87,Bloomsbury,Kindle Edition,865,2010,2004,2021/12/11,2020/10/18,,,read,,,,1,0
55836542,The Bookseller of Florence: The Story of the Manuscripts That Illuminated the Renaissance,Ross King,"King, Ross",,"=""0802158528""","=""9780802158529""",0,3.99,Atlantic Monthly Press,Hardcover,496,2021,2021,,2021/12/11,to-read,to-read (#193),to-read,,,,0,0
52761909,The Paris Library,Janet Skeslien Charles,"Charles, Janet Skeslien",,"=""1982134194""","=""9781982134198""",0,4.06,Atria Books,Hardcover,368,2021,2021,,2021/12/09,to-read,to-read (#192),to-read,,,,0,0
24445517,"Maybe Someday (Maybe, #1)",Colleen Hoover,"Hoover, Colleen",,"=""""","=""""",2,3.96,Atria Books,ebook,385,2014,2014,,2021/02/01,,,read,,,,2,0
6,"Harry Potter and the Goblet of Fire (Harry Potter, #4)",J.K. Rowling,"Rowling, J.K.",Mary GrandPré,"=""0439139597""","=""9780439139595""",0,4.57,Scholastic,Paperback,734,2002,2000,,2020/10/23,,,read,,,,1,0
13496,"A Game of Thrones (A Song of Ice and Fire, #1)",George R.R. Martin,"Martin, George R.R.",,"=""0553588486""","=""9780553588484""",0,4.45,Bantam,Mass Market Paperback,835,2005,1996,,2020/10/23,,,read,,,,1,0
51853973,Eye of the Needle,Ken Follett,"Follett, Ken",,"=""""","=""""",3,4.22,Penguin Books,Kindle Edition,364,2015,1978,2021/11/30,2021/03/05,,,read,,,,1,0
15796700,Americanah,Chimamanda Ngozi Adichie,"Adichie, Chimamanda Ngozi",Jashar Awan,"=""""","=""""",0,4.31,Alfred A. Knopf,Hardcover,477,2013,2013,,2021/11/25,to-read,to-read (#191),to-read,,,,0,0
34273900,Understory: a life with trees,Inga Simpson,"Simpson, Inga",,"=""0733635962""","=""9780733635960""",0,4.05,Hachette Australia,Paperback,279,2017,2017,,2021/11/25,to-read,to-read (#190),to-read,,,,0,0
17412573,The People in the Trees,Hanya Yanagihara,"Yanagihara, Hanya",,"=""""","=""""",3,3.73,Doubleday,Kindle Edition,384,2013,2013,2021/11/20,2021/02/23,,,read,,,,1,0
51851615,The Great Alone,Kristin Hannah,"Hannah, Kristin",,"=""""","=""""",4,4.46,St. Martin's Press,Kindle Edition,450,2020,2018,2021/11/17,2020/05/17,,,read,,,,1,0
49856101,Hamnet,Maggie O'Farrell,"O'Farrell, Maggie",,"=""""","=""""",3,4.21,Knopf,ebook,310,2020,2020,2021/11/10,2021/03/27,,,read,,,,1,0
44057462,The Giver of Stars,Jojo Moyes,"Moyes, Jojo",,"=""""","=""""",5,4.29,Penguin Books,Kindle Edition,399,2019,2019,2021/11/08,2020/05/17,favorites,favorites (#19),read,,,,1,0
49004839,Royal,Danielle Steel,"Steel, Danielle",,"=""0399179666""","=""9780399179662""",3,3.96,Dell,Kindle Edition,288,2020,2020,2021/11/05,2021/11/03,,,read,,,,1,0
54908101,The Wife Upstairs,Rachel Hawkins,"Hawkins, Rachel",,"=""1250245516""","=""9781250245519""",4,3.72,St. Martin's Press,Kindle Edition,277,2021,2021,2021/11/03,2021/01/15,,,read,,,,1,0
49960031,"Wow, No Thank You.: Essays",Samantha Irby,"Irby, Samantha",,"=""0525563482""","=""9780525563488""",4,3.81,Vintage,Paperback,319,2020,2020,2021/10/30,2021/10/05,,,read,,,,1,0
49083252,The Lost Apothecary,Sarah Penner,"Penner, Sarah",,"=""""","=""""",3,3.76,Park Row Books/HarperCollins,Kindle Edition,320,2021,2021,2021/10/30,2021/03/12,,,read,,,,1,0
33797105,They Both Die at the End,Adam Silvera,"Silvera, Adam",,"=""0062457810""","=""9780062457813""",4,3.75,Quill Tree Books,Kindle Edition,389,2017,2017,2021/10/28,2021/02/25,,,read,,,,1,0
5,"Harry Potter and the Prisoner of Azkaban (Harry Potter, #3)",J.K. Rowling,"Rowling, J.K.",Mary GrandPré,"=""043965548X""","=""9780439655484""",5,4.58,Scholastic Inc.,Mass Market Paperback,547,2004,1999,,2020/10/23,,,read,,,,2,0
40718205,The Dinner,Herman Koch,"Koch, Herman",,"=""""","=""""",0,3.22,Hogarth,ebook,306,2013,2009,,2021/10/17,to-read,to-read (#189),to-read,,,,0,0
18770398,Night Film,Marisha Pessl,"Pessl, Marisha",,"=""0812979788""","=""9780812979787""",0,3.78,Random House Trade Paperbacks,Paperback,640,2014,2013,,2021/10/09,to-read,to-read (#188),to-read,,,,0,0
101880,In a Different Voice: Psychological Theory and Women’s Development,Carol Gilligan,"Gilligan, Carol",,"=""0674445449""","=""9780674445444""",0,4.06,Harvard University Press ,Paperback,192,1993,1982,,2021/10/05,to-read,to-read (#187),to-read,,,,0,0
16264,"28 Barbary Lane: The Tales of the City Omnibus (Tales of the City, #1-3)",Armistead Maupin,"Maupin, Armistead",,"=""0060164662""","=""9780060164669""",0,4.34,Harper,Hardcover,754,1990,1989,,2021/10/05,to-read,to-read (#186),to-read,,,,0,0
49817812,Madame Fourcade's Secret War: The Daring Young Woman Who Led France's Largest Spy Network Against Hitler,Lynne Olson,"Olson, Lynne",,"=""0812985036""","=""9780812985030""",0,4.22,Random House Trade Paperbacks,Paperback,464,2020,2019,,2020/10/23,"did-not-finish, to-read","did-not-finish (#1), to-read (#185)",to-read,,,,0,0
15881,"Harry Potter and the Chamber of Secrets (Harry Potter, #2)",J.K. Rowling,"Rowling, J.K.",Mary GrandPré,"=""""","=""""",5,4.43,Arthur A. Levine Books,Hardcover,352,1999,1998,,2020/10/23,,,read,,,,2,0
36962927,The Night Olivia Fell,Christina  McDonald,"McDonald, Christina",,"=""1501184008""","=""9781501184000""",0,3.89,Gallery Books,Paperback,342,2019,2019,,2021/09/18,to-read,to-read (#184),to-read,,,,0,0
4667024,The Help,Kathryn Stockett,"Stockett, Kathryn",,"=""0399155341""","=""9780399155345""",5,4.47,G.P. Putnam's Sons,Hardcover,451,2009,2009,2021/09/13,2020/05/23,,,read,,,,1,0
43263520,The Grace Year,Kim Liggett,"Liggett, Kim",,"=""1250145449""","=""9781250145444""",0,4.13,Wednesday Books,Hardcover,416,2019,2019,,2021/09/12,to-read,to-read (#183),to-read,,,,0,0
3,"Harry Potter and the Sorcerer's Stone (Harry Potter, #1)",J.K. Rowling,"Rowling, J.K.",,"=""0439554934""","=""9780439554930""",5,4.47,Scholastic Inc,Hardcover,309,2003,1997,,2020/10/23,,,read,,,,2,0
54245639,"Spellmaker (Spellbreaker Duology, #2)",Charlie N. Holmberg,"Holmberg, Charlie N.",,"=""1542022584""","=""9781542022583""",0,4.20,47North ,Kindle Edition,301,2021,2021,,2021/09/06,to-read,to-read (#182),to-read,,,,0,0
49338237,"Spellbreaker (Spellbreaker Duology, #1)",Charlie N. Holmberg,"Holmberg, Charlie N.",,"=""1542020107""","=""9781542020107""",3,4.06,47North,Kindle Edition,305,2020,2020,2021/09/06,2020/10/16,,,read,,,,1,0
43841,"When Christ and His Saints Slept (Plantagenets #1; Henry II and Eleanor of Aquitaine, #1)",Sharon Kay Penman,"Penman, Sharon Kay",,"=""0345396685""","=""9780345396686""",0,4.26,Ballantine Books,Paperback,784,1996,1994,,2021/09/03,to-read,to-read (#181),to-read,,,,0,0
2706168,The Billionaire's Vinegar: The Mystery of the World's Most Expensive Bottle of Wine,Benjamin      Wallace,"Wallace, Benjamin",,"=""0307338770""","=""9780307338778""",0,3.56,Crown Publishers,Hardcover,319,2008,2008,,2021/08/31,to-read,to-read (#180),to-read,,,,0,0
55556786,The Personal Librarian,Marie Benedict,"Benedict, Marie",Victoria Christopher Murray,"=""0593101553""","=""9780593101551""",0,4.05,Berkley,Kindle Edition,347,2021,2021,,2021/08/31,to-read,to-read (#179),to-read,,,,0,0
13054604,The Secret History,Donna Tartt,"Tartt, Donna",,"=""""","=""""",4,4.15,Vintage,ebook,578,2011,1992,2021/08/25,2021/02/21,,,read,,,,1,0
775346,The Little Friend,Donna Tartt,"Tartt, Donna",,"=""1400031699""","=""9781400031696""",0,3.48,Vintage,Audible Audio,624,2003,2002,,2021/08/25,to-read,to-read (#177),to-read,,,,0,0
45163258,Such a Fun Age,Kiley Reid,"Reid, Kiley",,"=""0525541926""","=""""",3,3.77,G.P. Putnam's Sons,Kindle Edition,320,2019,2019,2021/08/22,2020/05/17,,,read,,,,1,0
92375,Hornet Flight,Ken Follett,"Follett, Ken",,"=""0451210743""","=""9780451210746""",0,4.01,Penguin Books,Mass Market Paperback,518,2003,2002,,2021/08/22,to-read,to-read (#176),to-read,,,,0,0
13542496,"The Anatomist's Wife (Lady Darby Mystery, #1)",Anna Lee Huber,"Huber, Anna Lee",,"=""0425253287""","=""9780425253281""",3,3.96,Berkley,Paperback,357,2012,2012,2021/08/19,2021/02/15,,,read,,,,1,0
55502857,Unwell Women: Misdiagnosis and Myth in a Man-Made World,Elinor Cleghorn,"Cleghorn, Elinor",,"=""0593182952""","=""9780593182956""",0,4.11,Dutton,Hardcover,386,2021,2021,,2021/08/15,to-read,to-read (#175),to-read,,,,0,0
37941687,The Butchering Art: Joseph Lister's Quest to Transform the Grisly World of Victorian Medicine,Lindsey Fitzharris,"Fitzharris, Lindsey",,"=""0374537968""","=""9780374537968""",0,4.30,"Scientific American / Farrar, Straus and Giroux",Paperback,304,2018,2017,,2021/07/09,to-read,to-read (#174),to-read,,,,0,0
50234048,"The Woman Before Wallis: A Novel of Windsors, Vanderbilts, and Royal Scandal – A Breathtaking Historical Romance Based on a True Story of High Society",Bryn Turnbull,"Turnbull, Bryn",,"=""""","=""""",4,3.88,MIRA,Kindle Edition,441,2020,2020,2021/06/21,2021/06/06,,,read,,,,1,0
52029943,The Death of Mrs. Westaway,Ruth Ware,"Ware, Ruth",,"=""""","=""""",3,3.80,Gallery/Scout Press,Kindle Edition,416,2020,2018,2021/06/16,2021/01/21,,,read,,,,1,0
45145958,"World Without End (Kingsbridge, #2)",Ken Follett,"Follett, Ken",,"=""""","=""""",5,4.33,Penguin Books,Kindle Edition,1030,2007,2007,2021/06/14,2020/10/23,,,read,,,,1,0
41689,The Key to Rebecca,Ken Follett,"Follett, Ken",,"=""""","=""""",0,3.97,Penguin Books,Paperback,352,2003,1980,,2021/06/13,to-read,to-read (#173),to-read,,,,0,0
1032675,Pox Americana: The Great Smallpox Epidemic of 1775-82,Elizabeth A. Fenn,"Fenn, Elizabeth A.",,"=""080907821X""","=""9780809078219""",0,3.81,Hill and Wang,Paperback,384,2002,2001,,2021/06/13,to-read,to-read (#172),to-read,,,,0,0
56597885,"Beautiful World, Where Are You",Sally Rooney,"Rooney, Sally",,"=""0374602603""","=""9780374602604""",0,3.52,"Farrar, Straus and Giroux",Hardcover,356,2021,2021,,2021/06/13,to-read,to-read (#171),to-read,,,,0,0
36679186,Never Have I Ever,Joshilyn Jackson,"Jackson, Joshilyn",,"=""""","=""""",0,3.73,William Morrow,Paperback,352,2019,2019,,2021/06/13,to-read,to-read (#170),to-read,,,,0,0
6502958,The Glass Castle,Jeannette Walls,"Walls, Jeannette",,"=""""","=""""",5,4.33,Scribner,Kindle Edition,353,2007,2005,2021/06/12,2021/01/02,,,read,,,,1,0
4051476,Noah's Ark,Marie-Madeleine Fourcade,"Fourcade, Marie-Madeleine",Kenneth Morgan,"=""0525168206""","=""9780525168201""",0,4.15,Dutton,Hardcover,377,1974,1991,,2021/06/06,to-read,to-read (#169),to-read,,,,0,0
5907,"The Hobbit, or There and Back Again",J.R.R. Tolkien,"Tolkien, J.R.R.","Douglas A. Anderson, Michael Hague, Jemima Catlin","=""""","=""""",0,4.30,Houghton Mifflin,Paperback,366,2002,1937,,2021/06/05,to-read,to-read (#168),to-read,,,,0,0
35504431,Turtles All the Way Down,John Green,"Green, John",,"=""0525555366""","=""9780525555360""",0,3.87,Dutton Books for Young Readers,Hardcover,290,2017,2017,,2021/06/05,to-read,to-read (#167),to-read,,,,0,0
40874032,"Vicious (Villains, #1)",V.E. Schwab,"Schwab, V.E.",Victoria Schwab,"=""""","=""""",3,4.18,Tor Books,Kindle Edition,402,2013,2013,2021/05/31,2021/01/09,,,read,,,,1,0
43175155,"A Touch of Darkness (Hades & Persephone, #1)",Scarlett St.  Clair,"Clair, Scarlett St.",,"=""""","=""""",0,3.80,Scarlett St. Clair,ebook,438,2019,2019,,2021/05/30,to-read,to-read (#166),to-read,,,,0,0
6011665,The Boy in the Striped Pyjamas,John Boyne,"Boyne, John",,"=""""","=""""",5,4.16,David Fickling Books,ebook,226,2008,2006,2021/05/27,2020/05/17,,,read,,,,1,0
49254027,Pretty Things,Janelle Brown,"Brown, Janelle",,"=""""","=""""",4,3.89, Random House,Kindle Edition,470,2020,2020,2021/05/27,2021/04/22,,,read,,,,1,0
50496875,Plain Bad Heroines,Emily M. Danforth,"Danforth, Emily M.",Sara Lautman,"=""0062942859""","=""9780062942852""",0,3.64,William Morrow,Hardcover,640,2020,2020,,2021/05/24,to-read,to-read (#165),to-read,,,,0,0
13028099,The Accidental City: Improvising New Orleans,Lawrence N. Powell,"Powell, Lawrence N.",,"=""0674059875""","=""9780674059870""",0,3.80,Harvard University Press,Hardcover,448,2012,2012,,2021/05/24,to-read,to-read (#164),to-read,,,,0,0
92373,The Third Twin,Ken Follett,"Follett, Ken",,"=""""","=""""",0,3.82,MacMillan General Books,Paperback,640,1997,1996,,2021/05/22,to-read,to-read (#163),to-read,,,,0,0
5067,Triple,Ken Follett,"Follett, Ken",,"=""0451212088""","=""9780451212085""",0,3.95,NAL Trade,Paperback,320,2004,1979,,2021/05/22,to-read,to-read (#162),to-read,,,,0,0
5053,The Man from St. Petersburg,Ken Follett,"Follett, Ken",,"=""0451208706""","=""9780451208705""",0,3.95,Penguin Books,Paperback,320,2003,1982,,2021/05/22,to-read,to-read (#161),to-read,,,,0,0
57727358,The Sisters Sweet,Elizabeth  Weiss,"Weiss, Elizabeth",,"=""1984801546""","=""9781984801548""",0,3.56,The Dial Press,Hardcover,416,2021,2021,,2021/05/20,to-read,to-read (#160),to-read,,,,0,0
55276596,The Lost and Found Bookshop,Susan Wiggs,"Wiggs, Susan",,"=""0062914111""","=""9780062914118""",0,3.93,William Morrow Paperbacks,Paperback,368,2021,2020,,2021/05/20,to-read,to-read (#159),to-read,,,,0,0
54860614,Ariadne,Jennifer Saint,"Saint, Jennifer",,"=""125077358X""","=""9781250773586""",0,3.78,Flatiron Books,Hardcover,308,2021,2021,,2021/05/20,to-read,to-read (#158),to-read,,,,0,0
60510,"Poison Study (Study, #1)",Maria V. Snyder,"Snyder, Maria V.",,"=""0778324338""","=""9780778324331""",0,4.09,Mira,Paperback,427,2007,2005,,2021/05/19,to-read,to-read (#157),to-read,,,,0,0
31675787,"Beartown (Beartown, #1)",Fredrik Backman,"Backman, Fredrik",,"=""""","=""""",5,4.29, Atria Books,ebook,432,2017,2016,2021/05/15,2021/01/08,,,read,,,,1,0
43312830,The Second Home,Christina Clancy,"Clancy, Christina",,"=""1250239346""","=""9781250239341""",0,3.75,St. Martin's,Hardcover,341,2020,2020,,2021/05/13,to-read,to-read (#156),to-read,,,,0,0
32505753,"Ash Princess (Ash Princess Trilogy, #1)",Laura Sebastian,"Sebastian, Laura",,"=""1524767069""","=""9781524767068""",0,3.86,Delacorte Books for Young Readers,Hardcover,448,2018,2018,,2021/05/13,to-read,to-read (#155),to-read,,,,0,0
55077707,Stay Sexy & Don't Get Murdered: The Definitive How-To Guide,Karen Kilgariff,"Kilgariff, Karen",Georgia Hardstark,"=""1250759226""","=""9781250759221""",0,4.06,Forge Books,Paperback,300,2021,2019,,2021/05/13,to-read,to-read (#154),to-read,,,,0,0
4473,A Prayer for Owen Meany,John Irving,"Irving, John",,"=""0552135399""","=""9780552135399""",0,4.24,Black Swan,Paperback,637,1990,1989,,2021/05/12,to-read,to-read (#153),to-read,,,,0,0
34189556,The Wife Between Us,Greer Hendricks,"Hendricks, Greer",Sarah Pekkanen,"=""1250130921""","=""9781250130921""",0,3.83,St. Martin's Press,Hardcover,346,2018,2018,,2021/05/12,to-read,to-read (#152),to-read,,,,0,0
11072889,The American Heiress,Daisy Goodwin,"Goodwin, Daisy",,"=""1429987081""","=""9781429987080""",0,3.47,St. Martin's Press,Kindle Edition,468,2011,2010,,2021/05/08,to-read,to-read (#151),to-read,,,,0,0
33590210,An American Marriage,Tayari Jones,"Jones, Tayari",,"=""1616201347""","=""9781616201340""",3,3.93,Algonquin Books,Hardcover,308,2018,2018,2020/02/17,2020/05/17,,,read,,,,1,0
31086,The Life and Death of Anne Boleyn,Eric Ives,"Ives, Eric",,"=""1405134631""","=""9781405134637""",0,4.20,Wiley-Blackwell,Paperback,458,2005,2004,,2021/05/05,to-read,to-read (#150),to-read,,,,0,0
13537029,The Song of Achilles,Madeline Miller,"Miller, Madeline",,"=""""","=""""",3,4.30,HarperCollins,Kindle Edition,351,2012,2011,2021/05/02,2021/02/24,,,read,,,,1,0
54886959,"Arsenic and Adobo (Tita Rosie's Kitchen Mystery, #1)",Mia P. Manansala,"Manansala, Mia P.",,"=""0593201671""","=""9780593201671""",0,3.53,Berkley,Paperback,308,2021,2021,,2021/05/02,to-read,to-read (#149),to-read,,,,0,0
55467800,That Summer,Jennifer Weiner,"Weiner, Jennifer",,"=""1501133543""","=""9781501133541""",0,3.75,Atria Books,Hardcover,422,2021,2021,,2021/05/02,to-read,to-read (#148),to-read,,,,0,0
10104,The Six Wives of Henry VIII,Alison Weir,"Weir, Alison",,"=""0802136834""","=""9780802136831""",0,4.12,Grove Press,Paperback,643,1992,1992,,2021/05/02,to-read,to-read (#147),to-read,,,,0,0
54508798,"The Guncle (The Guncle, #1)",Steven  Rowley,"Rowley, Steven",,"=""0525542280""","=""9780525542285""",0,4.10,G.P. Putnam's Sons,Hardcover,326,2021,2021,,2021/04/30,to-read,to-read (#146),to-read,,,,0,0
2175,Madame Bovary,Gustave Flaubert,"Flaubert, Gustave","Mark Overstall, Malcolm Bowie, Margaret Mauldon","=""0192840398""","=""9780192840394""",0,3.71,Oxford University Press,Paperback,329,2004,1856,,2021/04/29,to-read,to-read (#145),to-read,,,,0,0
15823480,Anna Karenina,Leo Tolstoy,"Tolstoy, Leo","Aylmer Maude, Louise Maude, Dieter Wellershoff, Bruno Goetz, Lev Tolstoj, Léon Tolstoï","=""0345803922""","=""9780345803924""",0,4.10,Vintage,Paperback,964,2012,1878,,2021/04/29,to-read,to-read (#144),to-read,,,,0,0
45101,"The Mad Ship (Liveship Traders, #2)",Robin Hobb,"Hobb, Robin",,"=""0006498868""","=""9780006498865""",0,4.34,Harper Voyager,Mass Market Paperback,906,2008,1999,,2021/04/29,to-read,to-read (#143),to-read,,,,0,0
45100,"Ship of Magic (Liveship Traders, #1)",Robin Hobb,"Hobb, Robin",,"=""000649885X""","=""9780006498858""",0,4.24,Voyager,Mass Market Paperback,880,1999,1998,,2021/04/29,to-read,to-read (#142),to-read,,,,0,0
26236852,"Katherine of Aragon: The True Queen (Six Tudor Queens, #1)",Alison Weir,"Weir, Alison",,"=""1101966483""","=""9781101966488""",0,4.12,Ballantine Books,Hardcover,602,2016,2016,,2021/04/28,to-read,to-read (#141),to-read,,,,0,0
13547180,Brain on Fire: My Month of Madness,Susannah Cahalan,"Cahalan, Susannah",,"=""145162137X""","=""9781451621372""",0,4.09,Free Press,Hardcover,250,2012,2012,,2021/04/27,to-read,to-read (#140),to-read,,,,0,0
54860341,The Show Girl,Nicola  Harrison,"Harrison, Nicola",,"=""1250200156""","=""9781250200150""",0,3.83,St. Martin's Press,Hardcover,400,2021,2021,,2021/04/23,to-read,to-read (#139),to-read,,,,0,0
42773936,"Five Dark Fates (Three Dark Crowns, #4)",Kendare Blake,"Blake, Kendare",,"=""0062686194""","=""9780062686190""",4,3.92,Quill Tree Books,Kindle Edition,447,2019,2019,2021/04/22,2021/02/21,,,read,,,,1,0
37688187,"Two Dark Reigns (Three Dark Crowns, #3)",Kendare Blake,"Blake, Kendare",,"=""""","=""""",4,3.95,Quill Tree Books,Kindle Edition,469,2018,2018,2021/04/18,2021/02/21,,,read,,,,1,0
10917,My Sister's Keeper,Jodi Picoult,"Picoult, Jodi",,"=""0743454537""","=""9780743454537""",0,4.11,Atria/Emily Bestler Books,Paperback,423,2005,2004,,2020/10/23,favorites,favorites (#18),read,,,,1,0
1449510,Stolen Words (American Girl),Amy Goldman Koss,"Koss, Amy Goldman",,"=""158485376X""","=""9781584853763""",0,3.76,Amer Girl Pub,Paperback,145,2001,2001,,2020/11/25,favorites,favorites (#17),read,,,,1,0
54443445,Lore,Alexandra Bracken,"Bracken, Alexandra",,"=""1368002315""","=""9781368002318""",4,3.74,Disney Hyperion,Kindle Edition,558,2021,2021,2021/03/20,2021/01/23,favorites,favorites (#16),read,,,,1,0
40520251,Daisy Jones & The Six,Taylor Jenkins Reid,"Reid, Taylor Jenkins",,"=""""","=""""",4,4.20,Ballantine Books,ebook,404,2019,2019,2020/05/17,2020/05/17,favorites,favorites (#15),read,,,,1,0
50164163,Circe,Madeline Miller,"Miller, Madeline",,"=""""","=""""",4,4.22,"Little, Brown and Company",Kindle Edition,433,2018,2018,2021/02/16,2020/12/24,favorites,favorites (#14),read,,,,1,0
40004610,The Alice Network,Kate Quinn,"Quinn, Kate",,"=""""","=""""",4,4.32,William Morrow Paperbacks,Kindle Edition,564,2017,2017,2020/09/05,2020/05/17,favorites,favorites (#13),read,,,,1,0
53568397,"The Midnight Library (The Midnight World, #1)",Matt Haig,"Haig, Matt",,"=""0525559485""","=""9780525559481""",4,3.98,Viking ,Kindle Edition,288,2020,2020,2020/12/27,2020/12/14,,,read,,,,1,0
52195151,The Vanishing Half,Brit Bennett,"Bennett, Brit",,"=""""","=""""",5,4.12,Riverhead Books,Kindle Edition,350,2020,2020,2021/02/05,2020/10/23,favorites,favorites (#12),read,,,,1,0
42140794,City of Girls,Elizabeth Gilbert,"Gilbert, Elizabeth",,"=""0698408322""","=""9780698408326""",5,4.04,Riverhead Books,Kindle Edition,391,2019,2019,2020/09/08,2020/05/17,favorites,favorites (#11),read,,,,1,0
40203647,"Maybe You Should Talk to Someone: A Therapist, Her Therapist, and Our Lives Revealed",Lori Gottlieb,"Gottlieb, Lori",,"=""""","=""""",5,4.37,Harper,Kindle Edition,413,2019,2019,2020/10/17,2020/08/22,favorites,favorites (#9),read,,,,1,0
36693686,The Last Mrs. Parrish,Liv Constantine,"Constantine, Liv",,"=""""","=""""",5,3.95,Harper,Kindle Edition,400,2017,2017,2020/12/27,2020/05/17,favorites,favorites (#8),read,,,,1,0
36247169,Educated,Tara Westover,"Westover, Tara",,"=""""","=""""",5,4.46,Random House,ebook,336,2018,2018,2020/05/13,2020/05/17,favorites,favorites (#7),read,,,,1,0
44547620,The Immortalists,Chloe  Benjamin,"Benjamin, Chloe",,"=""""","=""""",5,3.71,G.P. Putnam's Sons,Kindle Edition,352,2018,2018,2021/02/01,2020/05/17,favorites,favorites (#6),read,,,,1,0
45416596,The Seven Husbands of Evelyn Hugo,Taylor Jenkins Reid,"Reid, Taylor Jenkins",,"=""""","=""""",5,4.39,Washington Square Press,Kindle Edition,434,2017,2017,2020/05/17,2020/05/07,favorites,favorites (#5),read,,,,1,0
23207027,"Three Dark Crowns (Three Dark Crowns, #1)",Kendare Blake,"Blake, Kendare",,"=""0062385453""","=""9780062385451""",5,3.79,HarperTeen,Kindle Edition,416,2016,2016,2021/02/23,2020/12/24,favorites,favorites (#4),read,,,,1,0
55711828,A Little Life,Hanya Yanagihara,"Yanagihara, Hanya",,"=""""","=""""",5,4.28,Anchor,Kindle Edition,737,2015,2015,2020/12/01,2020/06/26,favorites,favorites (#3),read,,,,1,0
22328546,"Red Queen (Red Queen, #1)",Victoria Aveyard,"Aveyard, Victoria",,"=""0062310631""","=""9780062310637""",5,3.98,HarperTeen,Hardcover,388,2015,2015,2020/10/24,2020/05/17,favorites,favorites (#2),read,,,,1,0
5043,"The Pillars of the Earth (Kingsbridge, #1)",Ken Follett,"Follett, Ken",,"=""045122213X""","=""9780451222138""",5,4.35,Penguin Books,Paperback,976,2007,1989,2021/03/16,2020/06/14,favorites,favorites (#1),read,,,,1,0
36099688,"Queens of Fennbirn (Three Dark Crowns, #0.1-0.2)",Kendare Blake,"Blake, Kendare",,"=""0062748289""","=""9780062748287""",0,4.01,HarperTeen,Paperback,232,2018,2018,,2021/04/15,to-read,to-read (#138),to-read,,,,0,0
34848222,"The Young Queens (Three Dark Crowns, #0.2)",Kendare Blake,"Blake, Kendare",,"=""0062748262""","=""9780062748263""",0,3.89,HarperTeen,Kindle Edition,0,2017,2017,,2021/04/15,to-read,to-read (#137),to-read,,,,0,0
35098022,"The Oracle Queen (Three Dark Crowns, #0.1)",Kendare Blake,"Blake, Kendare",,"=""0062748270""","=""9780062748270""",0,3.94,Quill Tree Books,Kindle Edition,120,2018,2018,,2021/04/15,to-read,to-read (#136),to-read,,,,0,0
33634559,"One Dark Throne (Three Dark Crowns, #2)",Kendare Blake,"Blake, Kendare",,"=""0062385488""","=""9780062385482""",4,4.02,Quill Tree Books,Kindle Edition,465,2017,2017,2021/04/14,2021/02/21,,,read,,,,1,0
20342617,Just Mercy,Bryan Stevenson,"Stevenson, Bryan",,"=""""","=""""",0,4.62,One World,Paperback,336,2014,2014,,2021/04/12,to-read,to-read (#135),to-read,,,,0,0
44527740,Nothing to See Here,Kevin    Wilson,"Wilson, Kevin",,"=""""","=""""",5,3.96,Ecco,Kindle Edition,277,2019,2019,2021/04/12,2020/05/17,,,read,,,,1,0
53543064,The Once and Future Witches,Alix E. Harrow,"Harrow, Alix E.",,"=""0316422037""","=""""",4,4.02,Redhook,Kindle Edition,525,2020,2020,2021/04/11,2020/10/25,,,read,,,,1,0
22294935,"Six of Crows (Six of Crows, #1)",Leigh Bardugo,"Bardugo, Leigh",,"=""""","=""""",0,4.46,Henry Holt and Co. (BYR),ebook,479,2015,2015,,2021/02/25,to-read,to-read (#134),to-read,,,,0,0
53138253,"A Vow So Bold and Deadly (Cursebreakers, #3)",Brigid Kemmerer,"Kemmerer, Brigid",,"=""1547602589""","=""9781547602582""",0,3.78,Bloomsbury,Hardcover,408,2021,2021,,2021/04/04,to-read,to-read (#133),to-read,,,,0,0
42952728,"A Heart So Fierce and Broken (Cursebreakers, #2)",Brigid Kemmerer,"Kemmerer, Brigid",,"=""""","=""""",0,3.88,Bloomsbury YA,Hardcover,450,2020,2020,,2021/04/04,to-read,to-read (#132),to-read,,,,0,0
40197454,"A Curse So Dark and Lonely (Cursebreakers, #1)",Brigid Kemmerer,"Kemmerer, Brigid",,"=""""","=""""",3,3.95,Bloomsbury YA,Kindle Edition,507,2019,2019,2021/04/04,2020/12/26,,,read,,,,1,0
43982433,Someone We Know,Shari Lapena,"Lapena, Shari",,"=""0525557652""","=""9780525557654""",0,3.90,Pamela Dorman Books,Hardcover,292,2019,2019,,2021/04/03,to-read,to-read (#131),to-read,,,,0,0
19398259,Everything I Never Told You,Celeste Ng,"Ng, Celeste",,"=""""","=""""",4,3.83,The Penguin Press,Kindle Edition,304,2014,2014,2021/03/31,2020/05/17,,,read,,,,1,0
35297426,Then She Was Gone,Lisa Jewell,"Jewell, Lisa",,"=""1501154648""","=""9781501154645""",0,4.04,Atria Books,Paperback,359,2018,2017,,2021/03/31,to-read,to-read (#130),to-read,,,,0,0
45865963,My Dark Vanessa,Kate Elizabeth Russell,"Russell, Kate Elizabeth",,"=""0062941526""","=""9780062941527""",3,4.10,William Morrow,Kindle Edition,395,2020,2020,2020/10/25,2020/08/10,,,read,,,,1,0
41940236,The Whisper Man,Alex North,"North, Alex",,"=""1250317991""","=""9781250317995""",0,4.01,Celadon Books,Hardcover,355,2019,2019,,2021/03/30,to-read,to-read (#129),to-read,,,,0,0
36133254,Promising Young Women,Caroline O'Donoghue,"O'Donoghue, Caroline",,"=""0349009902""","=""9780349009902""",0,3.71,Virago Press Ltd,Hardcover,352,2018,2018,,2021/03/30,to-read,to-read (#128),to-read,,,,0,0
49202118,"A Rogue of One's Own (A League of Extraordinary Women, #2)",Evie Dunmore,"Dunmore, Evie",,"=""1984805703""","=""9781984805706""",3,4.01,Berkley,Paperback,448,2020,2020,2021/03/28,2020/10/23,,,read,,,,1,0
51045613,Deacon King Kong,James   McBride,"McBride, James",,"=""073521672X""","=""9780735216723""",0,4.16,Riverhead Books,Hardcover,370,2020,2020,,2021/03/27,to-read,to-read (#127),to-read,,,,0,0
42613944,The Memory Thief,Lauren Mansy,"Mansy, Lauren",,"=""0310767571""","=""9780310767572""",0,3.19,Blink,Kindle Edition,368,2019,2019,,2021/03/25,to-read,to-read (#126),to-read,,,,0,0
50491300,Friends and Strangers,J. Courtney Sullivan,"Sullivan, J. Courtney",,"=""0525520600""","=""9780525520603""",0,3.64,Knopf,Kindle Edition,416,2020,2020,,2021/03/22,to-read,to-read (#125),to-read,,,,0,0
22571605,Girl Underwater,Claire Kells,"Kells, Claire",,"=""0525954937""","=""9780525954934""",0,4.01,Dutton,Hardcover,304,2015,2015,,2021/03/21,to-read,to-read (#124),to-read,,,,0,0
10576365,"The Darkest Minds (The Darkest Minds, #1)",Alexandra Bracken,"Bracken, Alexandra",,"=""1423157370""","=""9781423157373""",0,4.15,Disney Hyperion,Hardcover,488,2012,2012,,2021/03/20,to-read,to-read (#123),to-read,,,,0,0
51029834,The Invisible Life of Addie LaRue,V.E. Schwab,"Schwab, V.E.",,"=""""","=""""",4,4.16,Tor Books,ebook,448,2020,2020,2021/03/14,2020/10/23,,,read,,,,1,0
1997295,Secret Bridesmaids' Business and It's My Party (& I'll Die If I Want To),Coleman,"Coleman, Coleman",,"=""0868197017""","=""9780868197012""",0,3.50,Gazelle Distribution Trade,Paperback,166,2003,2003,,2021/03/13,to-read,to-read (#122),to-read,,,,0,0
45300567,The Maidens,Alex Michaelides,"Michaelides, Alex",,"=""1250304458""","=""9781250304452""",0,3.61,Celadon Books,Hardcover,337,2021,2021,,2021/03/13,to-read,to-read (#121),to-read,,,,0,0
53137974,The Good Sister,Sally Hepworth,"Hepworth, Sally",,"=""1250120950""","=""9781250120953""",0,4.14,St. Martin's Press,Hardcover,309,2021,2020,,2021/03/13,to-read,to-read (#120),to-read,,,,0,0
12609,"The Spirit Catches You and You Fall Down: A Hmong Child, Her American Doctors, and the Collision of Two Cultures",Anne Fadiman,"Fadiman, Anne",,"=""0374525641""","=""9780374525644""",0,4.20,"Farrar, Straus and Giroux ",Paperback,341,2007,1997,,2021/03/10,to-read,to-read (#118),to-read,,,,0,0
30045766,"A Perilous Undertaking (Veronica Speedwell, #2)",Deanna Raybourn,"Raybourn, Deanna",,"=""""","=""""",0,4.09,Berkley,Kindle Edition,345,2017,2017,,2021/01/10,to-read,to-read (#117),to-read,,,,0,0
23190986,"Edge of Eternity (The Century Trilogy, #3)",Ken Follett,"Follett, Ken",John      Lee,"=""""","=""""",0,4.21,Penguin Audio,Audible Audio,36,2014,2014,,2021/03/05,to-read,to-read (#116),to-read,,,,0,0
12959233,Winter of the World (The Century Trilogy #2),Ken Follett,"Follett, Ken",,"=""0525952926""","=""9780525952923""",0,4.39,Berkley,Hardcover,940,2012,2012,,2021/03/05,to-read,to-read (#115),to-read,,,,0,0
7315573,"Fall of Giants (The Century Trilogy, #1)",Ken Follett,"Follett, Ken",,"=""0525951652""","=""9780525951650""",0,4.33,Viking,Hardcover,985,2010,2005,,2021/03/05,to-read,to-read (#114),to-read,,,,0,0
46261182,"The Awakening (Zodiac Academy, #1)",Caroline Peckham,"Peckham, Caroline",Susanne Valenti,"=""""","=""""",0,3.82,Dark Ink Publishing,Kindle Edition,436,2019,2019,,2021/03/05,to-read,to-read (#113),to-read,,,,0,0
45892228,"Crave (Crave, #1)",Tracy Wolff,"Wolff, Tracy",,"=""1640638954""","=""9781640638952""",0,3.76,Entangled: Teen,Hardcover,575,2020,2020,,2021/03/05,to-read,to-read (#112),to-read,,,,0,0
51080382,"A Deadly Education (The Scholomance, #1)",Naomi Novik,"Novik, Naomi",,"=""""","=""""",4,3.93,Del Rey,Kindle Edition,338,2020,2020,2021/03/03,2021/02/03,,,read,,,,1,0
51934838,Catherine House,Elisabeth    Thomas,"Thomas, Elisabeth",,"=""0062905651""","=""9780062905659""",0,3.11,Custom House,Hardcover,311,2020,2020,,2021/03/03,to-read,to-read (#111),to-read,,,,0,0
39679076,"House of Salt and Sorrows (Sisters of the Salt, #1)",Erin A. Craig,"Craig, Erin A.",,"=""1984831925""","=""9781984831927""",0,3.89,Delacorte,Hardcover,403,2019,2019,,2021/03/03,to-read,to-read (#110),to-read,,,,0,0
201224,The Best of Friends,Joanna Trollope,"Trollope, Joanna",,"=""0425183173""","=""9780425183175""",0,3.70,Penguin Publishing Group,Paperback,320,2002,1995,,2021/03/03,to-read,to-read (#109),to-read,,,,0,0
692969,"The Road to Avalon (Dark Ages of Britain, #1)",Joan Wolf,"Wolf, Joan",Joan Wolf,"=""155652658X""","=""9781556526589""",0,4.05,Chicago Review Press,Paperback,368,2007,1988,,2021/03/03,to-read,to-read (#108),to-read,,,,0,0
3891793,The Suspicions of Mr. Whicher: Or the Murder at Road Hill House,Kate Summerscale,"Summerscale, Kate",,"=""0747596484""","=""9780747596486""",0,3.51,Bloomsbury Publishing,Paperback,373,2009,2008,,2021/03/03,to-read,to-read (#107),to-read,,,,0,0
9361589,The Night Circus,Erin Morgenstern,"Morgenstern, Erin",,"=""""","=""9780385534635""",0,4.00,Doubleday,Hardcover,506,2011,2011,,2021/03/03,to-read,to-read (#106),to-read,,,,0,0
42201100,Three Women,Lisa Taddeo,"Taddeo, Lisa",,"=""1451642296""","=""9781451642292""",0,3.71,Avid Reader Press ,Hardcover,306,2019,2019,,2021/03/02,to-read,to-read (#105),to-read,,,,0,0
227463,A Clockwork Orange,Anthony Burgess,"Burgess, Anthony",,"=""""","=""""",0,4.00,W. W. Norton & Company,Paperback,192,1986,1962,,2021/02/26,to-read,to-read (#104),to-read,,,,0,0
34494,"The Wee Free Men (Discworld, #30; Tiffany Aching, #1)",Terry Pratchett,"Pratchett, Terry",,"=""0060012382""","=""9780060012380""",0,4.30,HarperTrophy,Mass Market Paperback,375,2004,2003,,2021/02/26,to-read,to-read (#103),to-read,,,,0,0
174710,Seven Myths of the Spanish Conquest,Matthew Restall,"Restall, Matthew",,"=""0195176111""","=""9780195176117""",0,3.92,Oxford University Press,Paperback,218,2004,2003,,2021/02/26,to-read,to-read (#102),to-read,,,,0,0
16176440,We Are All Completely Beside Ourselves,Karen Joy Fowler,"Fowler, Karen Joy",,"=""0399162097""","=""9780399162091""",0,3.71,Plume,Hardcover,310,2013,2013,,2021/02/26,to-read,to-read (#101),to-read,,,,0,0
53922338,Group: How One Therapist and a Circle of Strangers Saved My Life,Christie Tate,"Tate, Christie",,"=""1982154632""","=""9781982154639""",5,3.80,Avid Reader Press / Simon & Schuster,Kindle Edition,287,2020,2020,2021/02/25,2020/12/24,,,read,,,,1,0
37570548,The Five: The Untold Lives of the Women Killed by Jack the Ripper,Hallie Rubenhold,"Rubenhold, Hallie",,"=""""","=""""",0,4.09,Houghton Mifflin Harcourt,Hardcover,352,2019,2019,,2021/02/25,to-read,to-read (#100),to-read,,,,0,0
50892212,"These Violent Delights (These Violent Delights, #1)",Chloe Gong,"Gong, Chloe",,"=""1534457690""","=""9781534457690""",0,3.79,Margaret K. McElderry Books,Hardcover,449,2020,2020,,2021/02/25,to-read,to-read (#99),to-read,,,,0,0
52735921,"Kingdom of the Wicked (Kingdom of the Wicked, #1)",Kerri Maniscalco,"Maniscalco, Kerri",,"=""0316428469""","=""9780316428460""",0,3.86,Jimmy Patterson Books,Hardcover,372,2020,2020,,2021/02/25,to-read,to-read (#98),to-read,,,,0,0
6060372,The Uncommon Reader,Alan Bennett,"Bennett, Alan",,"=""1429934530""","=""9781429934534""",3,3.73,"Farrar, Straus and Giroux",Kindle Edition,120,2010,2007,2021/02/24,2020/12/23,,,read,,,,1,0
110391,"The Duke and I (Bridgertons, #1)",Julia Quinn,"Quinn, Julia",,"=""0380800829""","=""9780380800827""",4,3.80,Avon Books,Mass Market Paperback,384,2006,2000,2021/02/21,2021/02/19,,,read,,,,1,0
39382379,"My Sister, the Serial Killer",Oyinkan Braithwaite,"Braithwaite, Oyinkan",,"=""0385544243""","=""9780385544245""",4,3.64,Vintage,Kindle Edition,228,2018,2018,2021/02/19,2020/12/23,,,read,,,,1,0
53438195,The Witch's Heart,Genevieve Gornichec,"Gornichec, Genevieve",,"=""059309994X""","=""9780593099940""",0,4.04,Ace,Hardcover,359,2021,2021,,2021/02/18,to-read,to-read (#97),to-read,,,,0,0
39664971,Maybe in Another Life,Taylor Jenkins Reid,"Reid, Taylor Jenkins",,"=""""","=""""",4,3.79,Washington Square Press,ebook,353,2015,2015,2021/02/18,2020/05/23,,,read,,,,1,0
51186869,The Other Wife,Claire McGowan,"McGowan, Claire",,"=""1542093147""","=""9781542093149""",0,4.02,Thomas & Mercer,Kindle Edition,333,2019,2019,,2021/02/15,to-read,to-read (#96),to-read,,,,0,0
44908895,The Ensemble,Aja Gabel,"Gabel, Aja",,"=""0735214778""","=""9780735214774""",0,3.48,Riverhead Books,Paperback,352,2019,2018,,2021/02/15,to-read,to-read (#95),to-read,,,,0,0
51169341,"The Night Swim (Rachel Krall, #1)",Megan Goldin,"Goldin, Megan",,"=""125021968X""","=""9781250219688""",0,4.03,St. Martin's Press,Hardcover,341,2020,2020,,2021/02/15,to-read,to-read (#94),to-read,,,,0,0
52057843,How To Fail at Flirting,Denise  Williams,"Williams, Denise",,"=""059310191X""","=""9780593101919""",0,3.79,Berkley,Kindle Edition,336,2020,2020,,2021/02/15,to-read,to-read (#93),to-read,,,,0,0
49931447,Oona Out of Order,Margarita Montimore,"Montimore, Margarita",,"=""1250236592""","=""9781250236593""",5,3.86,Flatiron Books,Kindle Edition,329,2020,2020,2021/02/12,2020/05/17,,,read,,,,1,0
52861201,"From Blood and Ash (Blood and Ash, #1)",Jennifer L. Armentrout,"Armentrout, Jennifer L.",,"=""1952457009""","=""9781952457005""",0,4.21,Blue Box Press,Paperback,480,2020,2020,,2021/02/10,to-read,to-read (#92),to-read,,,,0,0
53867504,Leave the World Behind,Rumaan Alam,"Alam, Rumaan",,"=""0062667653""","=""9780062667656""",1,3.14,Ecco,Kindle Edition,256,2020,2020,2021/02/09,2020/12/27,,,read,,,,1,0
52347808,Every Last Secret,A.R. Torre,"Torre, A.R.",,"=""1542020182""","=""9781542020183""",0,3.93,Thomas & Mercer,Kindle Edition,291,2020,2020,,2021/02/05,to-read,to-read (#91),to-read,,,,0,0
38926327,The Anatomy of Dreams,Chloe  Benjamin,"Benjamin, Chloe",,"=""1982105038""","=""9781982105037""",0,3.38,Washington Square Press,Paperback,320,2018,2014,,2021/02/05,to-read,to-read (#90),to-read,,,,0,0
20167686,Seeing Further: The Story of Science and the Royal Society,Bill Bryson,"Bryson, Bill",,"=""""","=""""",0,3.58,Mariner Books,Kindle Edition,413,2010,2010,,2021/02/05,,,read,,,,1,0
11134924,Science: A History 1543-2001,John Gribbin,"Gribbin, John",,"=""0140297413""","=""9780140297416""",0,4.11,Gardners Books,Paperback,646,2003,2002,,2021/02/05,,,read,,,,1,0
53345095,"Your Story, My Story",Connie Palmen,"Palmen, Connie","Eileen J. Stevens, Anna Asbury","=""1542004624""","=""9781542004626""",0,3.85,Amazon Crossing,Kindle Edition,201,2021,2015,,2021/02/05,to-read,to-read (#89),to-read,,,,0,0
53138099,"Finlay Donovan Is Killing It (Finlay Donovan, #1)",Elle Cosimano,"Cosimano, Elle",,"=""1250241707""","=""9781250241702""",0,3.99,Minotaur Books,Hardcover,368,2021,2021,,2021/02/03,to-read,to-read (#88),to-read,,,,0,0
25012480,"Purple Orchids (The Mitchell Sisters, #1)",Samantha Christy,"Christy, Samantha",,"=""""","=""""",0,4.25,Athena Books Publishing Group,ebook,434,2015,2015,,2021/02/03,to-read,to-read (#87),to-read,,,,0,0
54386622,"A Court of Thorns and Roses (A Court of Thorns and Roses, #1)",Sarah J. Maas,"Maas, Sarah J.",,"=""""","=""""",0,4.15,Bloomsbury Publishing,Kindle Edition,441,2020,2015,,2021/02/01,to-read,to-read (#86),to-read,,,,0,0
53595276,They Did Bad Things,Lauren A. Forry,"Forry, Lauren A.",,"=""1950691632""","=""9781950691630""",4,3.38,Arcade Crimewise,Kindle Edition,256,2020,2020,2021/01/31,2020/12/24,,,read,,,,1,0
39927096,"Less (Arthur Less, #1)",Andrew Sean Greer,"Greer, Andrew Sean",,"=""""","=""""",0,3.62,Lee Boudreaux Books,Kindle Edition,273,2017,2017,,2021/01/30,to-read,to-read (#85),to-read,,,,0,0
2187,Middlesex,Jeffrey Eugenides,"Eugenides, Jeffrey",,"=""0312422156""","=""9780312422158""",0,4.04,Picador USA,Paperback,529,2002,2002,,2021/01/30,to-read,to-read (#84),to-read,,,,0,0
18304322,"Dumplin' (Dumplin', #1)",Julie   Murphy,"Murphy, Julie",,"=""0062327186""","=""9780062327185""",0,3.88,Balzer + Bray,Hardcover,375,2015,2015,,2021/01/27,to-read,to-read (#83),to-read,,,,0,0
46178726,Something She's Not Telling Us,Darcey Bell,"Bell, Darcey",,"=""0062953931""","=""9780062953933""",0,3.20,Harper Paperbacks,Paperback,313,2020,2020,,2021/01/27,to-read,to-read (#82),to-read,,,,0,0
40193919,Today Will Be Different,Maria Semple,"Semple, Maria",,"=""0316403431""","=""""",3,3.16,"Little, Brown and Company",Kindle Edition,273,2016,2016,2021/01/27,2020/05/17,,,read,,,,1,0
35121240,The Hazel Wood (The Hazel Wood #1),Melissa Albert,"Albert, Melissa",,"=""1250147913""","=""9781250147912""",3,3.56,Flatiron Books,Kindle Edition,368,2018,2018,2021/01/24,2020/12/20,,,read,,,,1,0
54798460,The Stranger in the Mirror,Liv Constantine,"Constantine, Liv",,"=""""","=""""",0,3.74,Harper,Hardcover,336,2021,2021,,2021/01/23,to-read,to-read (#81),to-read,,,,0,0
54985743,People We Meet on Vacation,Emily Henry,"Henry, Emily",,"=""1984806750""","=""9781984806758""",0,3.85,"A Jove Book, Berkley",Paperback,361,2021,2021,,2021/01/23,to-read,to-read (#80),to-read,,,,0,0
55692620,The Soulmate Equation,Christina Lauren,"Lauren, Christina",,"=""1982123966""","=""9781982123963""",0,3.99,Gallery Books,Hardcover,360,2021,2021,,2021/01/23,to-read,to-read (#79),to-read,,,,0,0
27189194,One True Loves,Taylor Jenkins Reid,"Reid, Taylor Jenkins",,"=""""","=""""",4,4.02,Washington Square Press,Kindle Edition,352,2016,2016,2021/01/22,2020/12/24,,,read,,,,1,0
53404774,The Doctors Blackwell: How Two Pioneering Sisters Brought Medicine to Women and Women to Medicine,Janice P. Nimura,"Nimura, Janice P.",,"=""0393635546""","=""9780393635546""",0,3.59,W. W. Norton & Company,Hardcover,336,2021,2021,,2021/01/19,to-read,to-read (#78),to-read,,,,0,0
8201605,American Rose: A Nation Laid Bare: The Life and Times of Gypsy Rose Lee,Karen Abbott,"Abbott, Karen",,"=""1400066913""","=""9781400066919""",0,3.43,Random House,Hardcover,353,2010,2010,,2020/06/14,to-read,to-read (#77),to-read,,,,0,0
24622845,"A Curious Beginning (Veronica Speedwell, #1)",Deanna Raybourn,"Raybourn, Deanna",,"=""""","=""""",4,3.96,Penguin / NAL,ebook,352,2015,2015,2021/01/10,2020/11/22,,,read,,,,1,0
30518319,"A Dangerous Collaboration (Veronica Speedwell, #4)",Deanna Raybourn,"Raybourn, Deanna",,"=""""","=""9780451490735""",0,4.28,Berkley,ebook,336,2019,2019,,2021/01/10,to-read,to-read (#76),to-read,,,,0,0
26244626,"A Treacherous Curse (Veronica Speedwell, #3)",Deanna Raybourn,"Raybourn, Deanna",,"=""0451476174""","=""9780451476173""",0,4.15,Berkley,Hardcover,308,2018,2018,,2021/01/10,to-read,to-read (#75),to-read,,,,0,0
20764879,"A Gathering of Shadows (Shades of Magic, #2)",V.E. Schwab,"Schwab, V.E.",Victoria Schwab,"=""0765376474""","=""9780765376473""",0,4.19,Tor,Hardcover,512,2016,2016,,2021/01/09,to-read,to-read (#73),to-read,,,,0,0
29939230,"A Conjuring of Light (Shades of Magic, #3)",V.E. Schwab,"Schwab, V.E.",Victoria Schwab,"=""0765387468""","=""9780765387462""",0,4.29,Tor,Hardcover,624,2017,2017,,2021/01/09,to-read,to-read (#74),to-read,,,,0,0
22055262,"A Darker Shade of Magic (Shades of Magic, #1)",V.E. Schwab,"Schwab, V.E.",Victoria Schwab,"=""0765376458""","=""9780765376459""",0,4.03,Tor,Hardcover,400,2015,2015,,2021/01/09,to-read,to-read (#72),to-read,,,,0,0
53138071,All Girls,Emily Layden,"Layden, Emily",,"=""1250270898""","=""9781250270894""",0,3.21,St. Martin's Press,Hardcover,320,2021,2021,,2021/01/01,to-read,to-read (#71),to-read,,,,0,0
53018367,The Divines,Ellie Eaton,"Eaton, Ellie",,"=""0063012197""","=""9780063012196""",0,3.17,William Morrow,Hardcover,320,2021,2021,,2021/01/01,to-read,to-read (#70),to-read,,,,0,0
48637556,The Strange Adventures of H,Sarah Burton,"Burton, Sarah",,"=""1789551269""","=""9781789551266""",0,4.15,Legends Press,Paperback,381,2020,2020,,2020/12/31,to-read,to-read (#69),to-read,,,,0,0
43521657,The Ten Thousand Doors of January,Alix E. Harrow,"Harrow, Alix E.",,"=""0316421995""","=""9780316421997""",0,4.01,Redhook,Hardcover,374,2019,2019,,2020/12/31,to-read,to-read (#68),to-read,,,,0,0
39673241,We Were Liars,E. Lockhart,"Lockhart, E.",,"=""""","=""""",4,3.65,Delacorte Press,Kindle Edition,242,2018,2014,2020/12/31,2020/08/22,,,read,,,,1,0
22152430,You Should Have Known,Jean Hanff Korelitz,"Korelitz, Jean Hanff",,"=""1455599514""","=""9781455599516""",0,3.46,Grand Central Publishing,Paperback,454,2014,2014,,2020/12/29,to-read,to-read (#67),to-read,,,,0,0
45999201,The Glass Hotel,Emily St. John Mandel,"Mandel, Emily St. John",,"=""0525521151""","=""9780525521150""",4,3.69,Alfred A. Knopf,Kindle Edition,302,2020,2020,2020/12/29,2020/05/17,,,read,,,,1,0
7735333,"Matched (Matched, #1)",Ally Condie,"Condie, Ally",,"=""0525423648""","=""9780525423645""",0,3.62,Dutton Books for Young Readers,Hardcover,369,2010,2010,,2020/08/10,,,read,,,,1,0
42980952,The Woman in the Window,A.J. Finn,"Finn, A.J.",,"=""0062905082""","=""9780062905086""",0,3.94,William Morrow Paperbacks,Paperback,427,2020,2018,,2020/12/25,to-read,to-read (#66),to-read,,,,0,0
46273542,The Two Lives of Lydia Bird,Josie Silver,"Silver, Josie",,"=""""","=""""",2,3.74,Ballantine Books,ebook,384,2020,2020,2020/12/20,2020/05/17,,,read,,,,1,0
42617359,The Punishment She Deserves,Elizabeth  George,"George, Elizabeth",,"=""0451467868""","=""9780451467867""",0,4.19,Penguin Books,Paperback,704,2019,2018,,2020/12/24,to-read,to-read (#65),to-read,,,,0,0
39813133,"The Witches of St. Petersburg (Russian Witches, #1)",Imogen Edwards-Jones,"Edwards-Jones, Imogen",,"=""0062848518""","=""9780062848512""",0,3.32,Harper Paperbacks,Paperback,440,2019,2018,,2020/12/24,to-read,to-read (#64),to-read,,,,0,0
49232384,The Eighth Life,Nino Haratischwili,"Haratischwili, Nino","Charlotte Collins, Ruth   Martin","=""1950354148""","=""9781950354146""",0,4.54,Scribe US,Paperback,944,2020,2014,,2020/12/24,to-read,to-read (#63),to-read,,,,0,0
43884992,The Witch's Kind,Louisa Morgan,"Morgan, Louisa",,"=""0316419486""","=""9780316419482""",0,3.91,Redhook,Paperback,480,2019,2019,,2020/12/24,to-read,to-read (#62),to-read,,,,0,0
8577314,"Daughters of Rome (The Empress of Rome, #2)",Kate Quinn,"Quinn, Kate",,"=""""","=""""",0,3.97,Berkley,Paperback,385,2011,2011,,2020/12/24,to-read,to-read (#61),to-read,,,,0,0
39009916,ALL EVER AFTERS,Danielle Teller,"Teller, Danielle",,"=""0062798073""","=""9780062798077""",0,3.73,MorrowPb,Paperback,400,2019,2018,,2020/12/24,to-read,to-read (#60),to-read,,,,0,0
46158747,Royal Witches: Witchcraft and the Nobility in Fifteenth-Century England,Gemma Hollman,"Hollman, Gemma",,"=""1643133322""","=""9781643133324""",0,3.78,Pegasus Books,Hardcover,320,2020,2019,,2020/12/24,to-read,to-read (#59),to-read,,,,0,0
52695476,The Confessions of Frannie Langton,Sara  Collins,"Collins, Sara",,"=""0062851802""","=""9780062851802""",0,3.56,Harper Perennial,Paperback,384,2020,2019,,2020/12/24,to-read,to-read (#58),to-read,,,,0,0
52195137,Beach Read,Emily Henry,"Henry, Emily",,"=""""","=""""",5,3.97,Berkley,Kindle Edition,400,2020,2020,2020/12/23,2020/08/10,,,read,,,,1,0
40396699,The Silent Patient,Alex Michaelides,"Michaelides, Alex",,"=""""","=""""",4,4.17,Celadon Books,Kindle Edition,362,2019,2019,2020/12/21,2020/05/17,,,read,,,,1,0
42359583,"Blood Heir (Blood Heir Trilogy, #1)",Amélie Wen Zhao,"Zhao, Amélie Wen",,"=""0525707794""","=""9780525707790""",0,3.81,Delacorte Press,Hardcover,446,2019,2019,,2020/12/21,to-read,to-read (#57),to-read,,,,0,0
30165203,"American Gods: Tenth Anniversary (American Gods, #1)",Neil Gaiman,"Gaiman, Neil",,"=""""","=""""",0,4.10,William Morrow,Kindle Edition,635,2011,2001,,2020/12/20,to-read,to-read (#56),to-read,,,,0,0
17788401,Ugly Love,Colleen Hoover,"Hoover, Colleen",,"=""""","=""""",0,3.99,Atria Books,Kindle Edition,330,2014,2014,,2020/12/20,to-read,to-read (#55),to-read,,,,0,0
22669832,"Bright Side (Bright Side, #1)",Kim    Holden,"Holden, Kim",,"=""0991140222""","=""9780991140220""",0,4.29,Do Epic LLC,Paperback,423,2014,2014,,2020/12/20,to-read,to-read (#54),to-read,,,,0,0
43015,A Long Way Gone: Memoirs of a Boy Soldier,Ishmael Beah,"Beah, Ishmael",,"=""0374105235""","=""9780374105235""",0,4.16,Sarah Crichton Books,Hardcover,229,2007,2007,,2020/12/17,,,read,,,,2,0
39796904,My Lovely Wife,Samantha  Downing,"Downing, Samantha",,"=""""","=""""",0,3.82,Berkley Books,Hardcover,390,2019,2019,,2020/12/05,to-read,to-read (#53),to-read,,,,0,0
39100683,A Little Life,Hanya Yanagihara,"Yanagihara, Hanya",,"=""0385539266""","=""9780385539265""",0,4.28,Doubleday,ebook,951,2015,2015,,2020/10/18,,,read,,,,1,0
30107561,Perfect Little World,Kevin    Wilson,"Wilson, Kevin",,"=""0062450328""","=""9780062450326""",0,3.65,Ecco,Hardcover,336,2017,2017,,2020/12/01,,,read,,,,1,0
41555931,Whisper Network,Chandler Baker,"Baker, Chandler",,"=""1250319471""","=""9781250319470""",0,3.58,Flatiron Books,Hardcover,352,2019,2019,,2020/11/29,to-read,to-read (#52),to-read,,,,0,0
6402544,"The Healing of America: A Global Quest for Better, Cheaper, and Fairer Health Care",T.R. Reid,"Reid, T.R.",,"=""1594202346""","=""9781594202346""",0,4.26,The Penguin Press,Hardcover,277,2009,2009,,2020/11/25,,,read,,,,1,0
6069,Achilles in Vietnam: Combat Trauma and the Undoing of Character,Jonathan Shay,"Shay, Jonathan",,"=""0684813211""","=""9780684813219""",0,4.31,Simon & Schuster,Paperback,246,1995,1994,,2020/11/25,,,read,,,,1,0
29975458,Good as Gone,Amy Gentry,"Gentry, Amy",,"=""0544920953""","=""9780544920958""",0,3.45,Houghton Mifflin Harcourt,Hardcover,273,2016,2016,,2020/11/25,,,read,,,,1,0
48829708,"To Sleep in a Sea of Stars (Fractalverse, #1)",Christopher Paolini,"Paolini, Christopher",,"=""1250762847""","=""9781250762849""",0,3.80,Tor Books,Hardcover,880,2020,2020,,2020/11/25,to-read,to-read (#51),to-read,,,,0,0
53710674,The Last Correspondent,Soraya M. Lane,"Lane, Soraya M.",,"=""1542023564""","=""9781542023566""",0,4.18,Lake Union Publishing,Kindle Edition,335,2020,2020,,2020/11/23,to-read,to-read (#50),to-read,,,,0,0
30226723,"King's Cage (Red Queen, #3)",Victoria Aveyard,"Aveyard, Victoria",,"=""0062310712""","=""9780062310712""",4,3.88,HarperTeen,ebook,520,2017,2017,2020/11/15,2020/10/24,,,read,,,,1,0
5517,A Raisin in the Sun,Lorraine Hansberry,"Hansberry, Lorraine",,"=""0375508333""","=""9780375508332""",0,3.85,Random House,Hardcover,162,2002,1959,,2020/11/14,,,read,,,,1,0
51338797,"Majesty (American Royals, #2)",Katharine McGee,"McGee, Katharine",,"=""1984830228""","=""9781984830227""",4,3.75,Random House Children's Books,Kindle Edition,379,2020,2020,2020/11/09,2020/05/17,,,read,,,,1,0
49078967,Big Summer,Jennifer Weiner,"Weiner, Jennifer",,"=""1501133535""","=""9781501133534""",5,3.59,Atria Books,Kindle Edition,364,2020,2020,2020/11/07,2020/05/17,,,read,,,,1,0
3393124,"Max (Maximum Ride, #5)",James  Patterson,"Patterson, James",,"=""0316002895""","=""9780316002899""",0,4.05,jimmy patterson,Hardcover,309,2009,2009,,2020/11/06,,,read,,,,1,0
1829709,"The Final Warning (Maximum Ride, #4)",James  Patterson,"Patterson, James",,"=""0316002860""","=""9780316002868""",0,3.85,Jimmy Patterson,Hardcover,256,2008,2008,,2020/11/06,,,read,,,,1,0
33676,"Saving the World and Other Extreme Sports (Maximum Ride, #3)",James  Patterson,"Patterson, James",,"=""0316155608""","=""9780316155601""",0,4.13,"Little, Brown and Company",Hardcover,405,2007,2007,,2020/11/06,,,read,,,,1,0
13139,"School's Out—Forever (Maximum Ride, #2)",James  Patterson,"Patterson, James",,"=""0316155594""","=""9780316155595""",0,4.14,"Little, Brown and Company",Hardcover,409,2006,2006,,2020/11/06,,,read,,,,1,0
13152,"The Angel Experiment (Maximum Ride, #1)",James  Patterson,"Patterson, James",,"=""0446617792""","=""9780446617796""",0,4.07,Grand Central Publishing,Mass Market Paperback,445,2006,2005,,2020/11/06,,,read,,,,1,0
31685789,Room,Emma Donoghue,"Donoghue, Emma",,"=""""","=""""",0,4.08,"Little, Brown and Company",Kindle Edition,321,2010,2010,,2020/11/01,to-read,to-read (#49),to-read,,,,0,0
4214,Life of Pi,Yann Martel,"Martel, Yann",,"=""0770430074""","=""9780770430078""",0,3.94,Seal Books,Paperback,460,2006,2001,,2020/11/01,to-read,to-read (#48),to-read,,,,0,0
170448,Animal Farm,George Orwell,"Orwell, George","Russell Baker, C.M. Woodhouse","=""0451526341""","=""9780451526342""",0,4.02,Signet Classics,Mass Market Paperback,141,1996,1945,,2020/11/01,,,read,,,,1,0
4671,The Great Gatsby,F. Scott Fitzgerald,"Fitzgerald, F. Scott",,"=""0743273567""","=""9780743273565""",0,3.93,Scribner,Paperback,180,1925,1925,,2020/11/01,,,read,,,,1,0
6408862,"Stolen (Stolen, #1)",Lucy Christopher,"Christopher, Lucy",,"=""1906427135""","=""9781906427139""",0,3.89,Chicken House Ltd,Paperback,304,2009,2009,,2020/11/01,,,read,,,,1,0
32571395,"One of Us Is Lying (One of Us is Lying, #1)",Karen M. McManus,"McManus, Karen M.",,"=""""","=""""",0,3.91,Delacorte Press,ebook,360,2017,2017,,2020/11/01,to-read,to-read (#47),to-read,,,,0,0
5364,"Dragonfly in Amber (Outlander, #2)",Diana Gabaldon,"Gabaldon, Diana",,"=""""","=""""",0,4.34,Bantam,Paperback,947,2001,1992,,2020/11/01,to-read,to-read (#46),to-read,,,,0,0
781844,"On Death and Dying: What the Dying Have to Teach Doctors, Nurses, Clergy and Their Own Families",Elisabeth Kübler-Ross,"Kübler-Ross, Elisabeth",,"=""0684839385""","=""9780684839387""",0,4.16,Scribner,Paperback,288,1997,1969,,2020/11/01,to-read,to-read (#45),to-read,,,,0,0
62291,"A Storm of Swords (A Song of Ice and Fire, #3)",George R.R. Martin,"Martin, George R.R.",,"=""""","=""""",0,4.55,Bantam,Mass Market Paperback,1177,2003,2000,,2020/11/01,,,read,,,,1,0
23807,"The Silence of the Lambs  (Hannibal Lecter, #2)",Thomas  Harris,"Harris, Thomas",,"=""""","=""""",0,4.26,Arrow Books,Paperback,421,2002,1988,,2020/11/01,,,read,,,,1,0
52357,Beowulf,Unknown,"Unknown, Unknown",Seamus Heaney,"=""0393320979""","=""9780393320978""",0,3.50,W.W. Norton & Company,Paperback,259,2001,1000,,2020/11/01,,,read,,,,1,0
375013,Schindler’s List,Thomas Keneally,"Keneally, Thomas",,"=""0340606517""","=""9780340606513""",0,4.34,Sceptre,Mass Market Paperback,429,1994,1982,,2020/11/01,to-read,to-read (#44),to-read,,,,0,0
17245,Dracula,Bram Stoker,"Stoker, Bram","Rubén Toledo, Nina Auerbach, David J. Skal","=""0393970124""","=""9780393970128""",0,4.02,Norton,Paperback,488,1986,1897,,2020/11/01,to-read,to-read (#43),to-read,,,,0,0
24583,The Adventures of Tom Sawyer,Mark Twain,"Twain, Mark","Guy Cardwell, John Seelye, Mark Hallaq, Amanda Lee","=""""","=""9780143039563""",0,3.92,Penguin Classics,Paperback,244,2006,1876,,2020/11/01,,,read,,,,1,0
52892857,The Color Purple,Alice Walker,"Walker, Alice",,"=""0143135694""","=""9780143135692""",0,4.28,Penguin Books,Paperback,287,2019,1982,,2020/11/01,,,read,,,,1,0
25645546,"Glass Sword (Red Queen, #2)",Victoria Aveyard,"Aveyard, Victoria",,"=""0062310682""","=""9780062310682""",4,3.78,HarperCollins,Kindle Edition,448,2016,2016,2020/11/01,2020/10/24,,,read,,,,1,0
53003500,"Trust No One (Devlin & Falco, #1)",Debra Webb,"Webb, Debra",,"=""1542018080""","=""9781542018081""",0,4.22,Thomas & Mercer,Kindle Edition,428,2020,2020,,2020/10/25,to-read,to-read (#42),to-read,,,,0,0
21463939,What If? 10th Anniversary Edition: Serious Scientific Answers to Absurd Hypothetical Questions,Randall Munroe,"Munroe, Randall",,"=""""","=""""",0,4.14,Dey Street Books,Kindle Edition,320,2024,2014,,2020/10/25,,,read,,,,1,0
37190,The Tale of Despereaux,Kate DiCamillo,"DiCamillo, Kate",Timothy Basil Ering,"=""0763625299""","=""9780763625290""",0,4.08,Candlewick Press,Paperback,272,2008,2003,,2020/10/24,,,read,,,,1,0
2536134,"Gone (Gone, #1)",Michael  Grant,"Grant, Michael",,"=""0061448761""","=""9780061448768""",0,3.87,Katherine Tegen Books,Hardcover,560,2008,2008,,2020/10/24,,,read,,,,1,0
852470,"I'd Tell You I Love You, But Then I'd Have to Kill You (Gallagher Girls, #1)",Ally Carter,"Carter, Ally",,"=""1423100034""","=""9781423100034""",0,3.84,Hyperion Book CH,Hardcover,284,2006,2006,,2020/10/24,,,read,,,,1,0
16136599,"Redeemed (House of Night, #12)",P.C. Cast,"Cast, P.C.",Kristin Cast,"=""0312594445""","=""9780312594442""",0,4.01,St. Martin's Griffin,Hardcover,310,2014,2014,,2020/10/24,,,read,,,,1,0
16096873,"Revealed (House of Night, #11)",P.C. Cast,"Cast, P.C.",Kristin Cast,"=""""","=""""",0,3.89,Atom,ebook,306,2013,2013,,2020/10/24,,,read,,,,1,0
7933615,"Hidden (House of Night, #10)",P.C. Cast,"Cast, P.C.",Kristin Cast,"=""0312594429""","=""9780312594428""",0,4.00,St. Martin's Griffin,Hardcover,302,2012,2012,,2020/10/24,,,read,,,,1,0
7933617,"Destined (House of Night, #9)",P.C. Cast,"Cast, P.C.",Kristin Cast,"=""1905654871""","=""9781905654871""",0,4.03,Atom,Hardcover,325,2011,2011,,2020/10/24,,,read,,,,1,0
8652190,"Awakened (House of Night, #8)",P.C. Cast,"Cast, P.C.",Kristin Cast,"=""0312650248""","=""9780312650247""",0,4.00,St. Martin's Griffin,Hardcover,290,2011,2011,,2020/10/24,,,read,,,,1,0
6917952,"Burned (House of Night, #7)",P.C. Cast,"Cast, P.C.",Kristin Cast,"=""1905654944""","=""9781905654949""",0,3.97,Atom,Paperback,323,2010,2010,,2020/10/24,,,read,,,,1,0
6262365,"Tempted (House of Night, #6)",P.C. Cast,"Cast, P.C.",Kristin Cast,"=""1905654588""","=""9781905654581""",0,3.95,Atom,Paperback,319,2009,2009,,2020/10/24,,,read,,,,1,0
4134071,"Hunted (House of Night, #5)",P.C. Cast,"Cast, P.C.",Kristin Cast,"=""031237982X""","=""9780312379827""",0,3.93,St. Martin's Griffin,Hardcover,336,2009,2009,,2020/10/24,,,read,,,,1,0
2866718,"Untamed (House of Night, #4)",P.C. Cast,"Cast, P.C.",Kristin Cast,"=""0312379838""","=""9780312379834""",0,3.94,St. Martin's Griffin,Paperback,338,2009,2008,,2020/10/24,,,read,,,,1,0
1326258,"Chosen (House of Night, #3)",P.C. Cast,"Cast, P.C.",Kristin Cast,"=""0312360304""","=""9780312360306""",0,3.91,St. Martin's Griffin,Paperback,307,2008,2008,,2020/10/24,,,read,,,,1,0
676924,"Betrayed (House of Night, #2)",P.C. Cast,"Cast, P.C.",Kristin Cast,"=""0312360282""","=""9780312360283""",0,3.92,St. Martin's Griffin,Paperback,310,2007,2007,,2020/10/24,,,read,,,,1,0
30183,"Marked (House of Night, #1)",P.C. Cast,"Cast, P.C.",Kristin Cast,"=""0312360266""","=""9780312360269""",0,3.82,St. Martin's Press,Paperback,306,2007,2007,,2020/10/24,,,read,,,,1,0
307791,"The City of Ember (Book of Ember, #1)",Jeanne DuPrau,"DuPrau, Jeanne",,"=""0375822747""","=""9780375822742""",0,3.90,Random House Children's Books,Paperback,270,2003,2003,,2020/10/24,,,read,,,,1,0
28187230,"The Woman in Cabin 10 (Lo Blacklock, #1)",Ruth Ware,"Ware, Ruth",,"=""1501132938""","=""9781501132933""",0,3.72,Scout Press,Hardcover,341,2016,2016,,2020/10/23,,,read,,,,1,0
1189210,Stiff: The Curious Lives of Human Cadavers,Mary Roach,"Roach, Mary",Shelly Frasier,"=""1400100976""","=""9781400100972""",0,4.06,Tantor Media Inc,Audio CD,,2003,2003,,2020/10/23,,,read,,,,1,0
46212545,Code Name: Lise: The True Story of the Woman Who Became WWII's Most Highly Decorated Spy,Larry Loftis,"Loftis, Larry",,"=""1501198661""","=""9781501198663""",0,4.00,Gallery Books,Paperback,400,2019,2019,,2020/10/23,to-read,to-read (#41),to-read,,,,0,0
34184307,Code Girls: The Untold Story of the American Women Code Breakers Who Helped Win World War II,Liza Mundy,"Mundy, Liza",,"=""0316439894""","=""9780316439893""",0,3.96,Hachette Books,Hardcover,640,2017,2017,,2020/10/23,to-read,to-read (#40),to-read,,,,0,0
26109020,The Romanovs: 1613-1918,Simon Sebag Montefiore,"Montefiore, Simon Sebag",,"=""0307266524""","=""9780307266521""",0,4.02,Knopf,Hardcover,784,2016,2016,,2020/10/23,to-read,to-read (#39),to-read,,,,0,0
39098246,The Corset,Laura  Purcell,"Purcell, Laura",,"=""1408889617""","=""9781408889619""",0,4.14,Raven Books,Hardcover,392,2018,2018,,2020/10/23,to-read,to-read (#38),to-read,,,,0,0
16130,Alexander Hamilton,Ron Chernow,"Chernow, Ron",,"=""""","=""""",0,4.22,Penguin Books,Paperback,818,2005,2004,,2020/10/23,,,read,,,,1,0
7170627,The Emperor of All Maladies: A Biography of Cancer,Siddhartha Mukherjee,"Mukherjee, Siddhartha",,"=""""","=""""",0,4.34,Scribner,Hardcover,472,2010,2010,,2020/10/23,,,read,,,,1,0
74720,"The Beatrice Letters (A Series of Unfortunate Events, #12.5)",Lemony Snicket,"Snicket, Lemony",Brett Helquist,"=""0060586583""","=""9780060586584""",0,3.78,HarperCollins,Hardcover,72,2006,2006,,2020/10/23,,,read,,,,1,0
65112,"The End (A Series of Unfortunate Events, #13)",Lemony Snicket,"Snicket, Lemony",Brett Helquist,"=""0064410161""","=""9780064410168""",0,4.04,HarperCollins Publishers,Hardcover,353,2006,2006,,2020/10/23,,,read,,,,1,0
65110,"The Penultimate Peril (A Series of Unfortunate Events, #12)",Lemony Snicket,"Snicket, Lemony",Brett Helquist,"=""0064410153""","=""9780064410151""",0,4.09,HarperCollins Publishers,Hardcover,353,2005,2005,,2020/10/23,,,read,,,,1,0
65111,"The Grim Grotto (A Series of Unfortunate Events, #11)",Lemony Snicket,"Snicket, Lemony",Brett Helquist,"=""0064410145""","=""9780064410144""",0,4.03,HarperCollins Publishers,Hardcover,323,2004,2004,,2020/10/23,,,read,,,,1,0
65118,"The Hostile Hospital (A Series of Unfortunate Events, #8)",Lemony Snicket,"Snicket, Lemony",Brett Helquist,"=""1405206128""","=""9781405206129""",0,3.99,Egmont,Kindle Edition,272,2003,2001,,2020/10/23,,,read,,,,1,0
297792,"The Slippery Slope (A Series of Unfortunate Events, #10)",Lemony Snicket,"Snicket, Lemony",Brett Helquist,"=""0064410137""","=""9780064410137""",0,4.05,HarperCollins Publishers,Hardcover,337,2003,2003,,2020/10/23,,,read,,,,1,0
324277,"The Carnivorous Carnival (A Series of Unfortunate Events, #9)",Lemony Snicket,"Snicket, Lemony",Brett Helquist,"=""0064410129""","=""9780064410120""",0,4.01,HarperCollins Publishers,Hardcover,286,2002,2002,,2020/10/23,,,read,,,,1,0
150037,"The Vile Village (A Series of Unfortunate Events, #7)",Lemony Snicket,"Snicket, Lemony",Brett Helquist,"=""0060566221""","=""9780060566227""",0,3.97,HarperCollins Publishers ,Hardcover,272,2001,2001,,2020/10/23,,,read,,,,1,0
172327,"The Ersatz Elevator (A Series of Unfortunate Events, #6)",Lemony Snicket,"Snicket, Lemony",Tim Curry,"=""0060566213""","=""9780060566210""",0,4.06,HarperCollins Publishers ,Hardcover,259,2001,2001,,2020/10/23,,,read,,,,1,0
65119,"The Miserable Mill (A Series of Unfortunate Events, #4)",Lemony Snicket,"Snicket, Lemony",Brett Helquist,"=""0439272637""","=""9780439272636""",0,3.86,"Scholastic, Inc.",Paperback,194,2000,2000,,2020/10/23,,,read,,,,1,0
131123,"The Austere Academy (A Series of Unfortunate Events, #5)",Lemony Snicket,"Snicket, Lemony",Brett Helquist,"=""0064408639""","=""9780064408639""",0,4.01,HarperCollins,Hardcover,221,2000,2000,,2020/10/23,,,read,,,,1,0
438492,"The Wide Window (A Series of Unfortunate Events, #3)",Lemony Snicket,"Snicket, Lemony",Brett Helquist,"=""0064407683""","=""9780064407687""",0,3.95,HarperCollins Publishers,Hardcover,214,2000,2000,,2020/10/23,,,read,,,,1,0
78418,"The Reptile Room (A Series of Unfortunate Events, #2)",Lemony Snicket,"Snicket, Lemony",Brett Helquist,"=""""","=""""",0,4.02,"Scholastic, Inc.",Paperback,192,1999,1999,,2020/10/23,,,read,,,,1,0
78411,"The Bad Beginning (A Series of Unfortunate Events, #1)",Lemony Snicket,"Snicket, Lemony",Brett Helquist,"=""0439206472""","=""9780439206471""",0,4.03,"Scholastic, Inc.",Paperback,162,1999,1999,,2020/10/23,,,read,,,,1,0
1898,Into Thin Air: A Personal Account of the Mt. Everest Disaster,Jon Krakauer,"Krakauer, Jon",,"=""""","=""""",0,4.26,Anchor Books,Paperback,368,1999,1997,,2020/10/23,,,read,,,,1,0
21996,The Devil in the White City,Erik Larson,"Larson, Erik",Tony Goldwyn,"=""0739303406""","=""9780739303405""",0,4.00,Random House Audio Publishing Group,Paperback,496,2003,2003,,2020/10/23,,,read,,,,1,0
6493208,The Immortal Life of Henrietta Lacks,Rebecca Skloot,"Skloot, Rebecca",,"=""1400052173""","=""9781400052172""",0,4.13,Crown Publishing Group,Hardcover,370,2010,2010,,2020/10/23,,,read,,,,1,0
43545,"The Once and Future King (The Once and Future King, #1-5)",T.H. White,"White, T.H.",,"=""""","=""""",0,4.07,Ace,Mass Market Paperback,639,1987,1958,,2020/10/23,to-read,to-read (#37),to-read,,,,0,0
256683,"City of Bones (The Mortal Instruments, #1)",Cassandra Clare,"Clare, Cassandra",,"=""1416914285""","=""9781416914280""",0,4.07,Margaret K. McElderry Books,Hardcover,485,2007,2007,,2020/10/23,,,read,,,,1,0
92517,The Glass Menagerie,Tennessee Williams,"Williams, Tennessee",Robert Bray,"=""0811214044""","=""9780811214049""",0,3.74,New Directions,Paperback,104,1999,1945,,2020/10/23,,,read,,,,1,0
2865,Girl with a Pearl Earring,Tracy Chevalier,"Chevalier, Tracy",,"=""0452287022""","=""9780452287020""",0,3.93,Plume/Penguin,Paperback,233,2005,1999,,2020/10/23,,,read,,,,1,0
67238,Dead Poets Society,N.H. Kleinbaum,"Kleinbaum, N.H.",Tom Schulman,"=""0553282980""","=""9780553282986""",0,4.17,Starfire,Paperback,166,1989,1988,,2020/10/23,to-read,to-read (#36),to-read,,,,0,0
11588,"The Shining (The Shining, #1)",Stephen  King,"King, Stephen",,"=""0450040186""","=""9780450040184""",0,4.28,New English Library,Mass Market Paperback,497,1980,1977,,2020/10/23,,,read,,,,1,0
49041,"New Moon (The Twilight Saga, #2)",Stephenie Meyer,"Meyer, Stephenie",,"=""0316160199""","=""9780316160193""",0,3.62,"Little, Brown and Company",Hardcover,563,2006,2006,,2020/10/23,,,read,,,,1,0
30118,A Light in the Attic,Shel Silverstein,"Silverstein, Shel",,"=""0060513063""","=""9780060513061""",0,4.37,Harpercollins Childrens Books,Hardcover,176,2002,1981,,2020/10/23,,,read,,,,1,0
1162543,"Breaking Dawn (The Twilight Saga, #4)",Stephenie Meyer,"Meyer, Stephenie",,"=""031606792X""","=""9780316067928""",0,3.76,"Little, Brown and Company",Hardcover,756,2008,2008,,2020/10/23,,,read,,,,1,0
428263,"Eclipse (The Twilight Saga, #3)",Stephenie Meyer,"Meyer, Stephenie",,"=""0316160202""","=""9780316160209""",0,3.74,"Little, Brown and Company",Hardcover,629,2007,2007,,2020/10/23,,,read,,,,1,0
38709,"Holes (Holes, #1)",Louis Sachar,"Sachar, Louis",,"=""0439244196""","=""9780439244190""",0,4.01,Scholastic,Paperback,272,2000,1998,,2020/10/23,,,read,,,,1,0
60748,"A Child Called ""It"" (Dave Pelzer, #1)",Dave Pelzer,"Pelzer, Dave",,"=""""","=""""",0,4.14,Health Communications Inc,Paperback,184,1995,1995,,2020/10/23,,,read,,,,1,0
1845,Into the Wild,Jon Krakauer,"Krakauer, Jon",,"=""0385486804""","=""9780385486804""",0,4.02,Anchor Books,Paperback,207,1997,1996,,2020/10/23,,,read,,,,1,0
4556058,"The Last Olympian (Percy Jackson and the Olympians, #5)",Rick Riordan,"Riordan, Rick",,"=""1423101472""","=""9781423101475""",0,4.55,Disney-Hyperion Books,Hardcover,381,2009,2009,,2020/10/23,,,read,,,,1,0
561456,"The Titan’s Curse (Percy Jackson and the Olympians, #3)",Rick Riordan,"Riordan, Rick",,"=""""","=""""",0,4.37,Puffin Books,Kindle Edition,352,2007,2007,,2020/10/23,,,read,,,,1,0
28186,"The Sea of Monsters (Percy Jackson and the Olympians, #2)",Rick Riordan,"Riordan, Rick",,"=""0786856866""","=""9780786856862""",0,4.24,Hyperion Books,Hardcover,279,2006,2006,,2020/10/23,,,read,,,,1,0
2120932,"The Battle of the Labyrinth (Percy Jackson and the Olympians, #4)",Rick Riordan,"Riordan, Rick",,"=""1423101464""","=""9781423101468""",0,4.42,Hyperion Books for Children,Hardcover,361,2008,2008,,2020/10/23,,,read,,,,1,0
28187,"The Lightning Thief (Percy Jackson and the Olympians, #1)",Rick Riordan,"Riordan, Rick",,"=""0786838655""","=""9780786838653""",0,4.31,Disney Hyperion Books,Paperback,377,2006,2005,,2020/10/23,,,read,,,,1,0
47281,Number the Stars,Lois Lowry,"Lowry, Lois",,"=""0440227534""","=""9780440227533""",0,4.20,Laurel Leaf,Mass Market Paperback,137,1998,1989,,2020/10/23,,,read,,,,1,0
402045,"The Mists of Avalon (Avalon, #1)",Marion Zimmer Bradley,"Bradley, Marion Zimmer",,"=""0345350499""","=""9780345350497""",0,4.13,Ballantine Books,Paperback,884,1984,1982,,2020/10/23,to-read,to-read (#35),to-read,,,,0,0
43763,"Interview with the Vampire (The Vampire Chronicles, #1)",Anne Rice,"Rice, Anne",,"=""0345476875""","=""9780345476876""",0,4.02,Ballantine Books,Paperback,346,2004,1976,,2020/10/23,to-read,to-read (#34),to-read,,,,0,0
9712,Love in the Time of Cholera,Gabriel García Márquez,"Márquez, Gabriel García","Edith Grossman, Kjell Risvik, Carlos Marrodán Casas","=""140003468X""","=""9781400034680""",0,3.94,Vintage International,Paperback,348,2003,1985,,2020/10/23,to-read,to-read (#33),to-read,,,,0,0
17250,The Crucible,Arthur Miller,"Miller, Arthur",Christopher W.E. Bigsby,"=""0142437336""","=""9780142437339""",0,3.61,Penguin Books,Paperback,143,2003,1953,,2020/10/23,,,read,,,,1,0
18122,"The Amber Spyglass (His Dark Materials, #3)",Philip Pullman,"Pullman, Philip",,"=""0440238153""","=""9780440238157""",0,4.11,Laurel Leaf,Mass Market Paperback,465,2003,2000,,2020/10/23,,,read,,,,1,0
41637836,"The Subtle Knife (His Dark Materials, #2)",Philip Pullman,"Pullman, Philip",,"=""""","=""""",0,4.15,RHCP Digital,Kindle Edition,370,2018,1997,,2020/10/23,,,read,,,,1,0
119322,"The Golden Compass (His Dark Materials, #1)",Philip Pullman,"Pullman, Philip",,"=""0679879242""","=""9780679879244""",0,4.03,RANDOM HOUSE TRADE,Hardcover,399,1996,1995,,2020/10/23,,,read,,,,1,0
968,"The Da Vinci Code (Robert Langdon, #2)",Dan    Brown,"Brown, Dan",,"=""""","=""""",0,3.94,Anchor,Paperback,489,2006,2003,,2020/10/23,,,read,,,,1,0
14891,A Tree Grows in Brooklyn,Betty  Smith,"Smith, Betty",,"=""0061120073""","=""9780061120077""",0,4.30,HarperCollins Publishers,Paperback,496,2006,1943,,2020/10/23,,,read,,,,1,0
41865,"Twilight (The Twilight Saga, #1)",Stephenie Meyer,"Meyer, Stephenie",,"=""0316015849""","=""9780316015844""",0,3.68,"Little, Brown and Company",Paperback,498,2006,2005,,2020/10/23,,,read,,,,1,0
12296,The Scarlet Letter,Nathaniel Hawthorne,"Hawthorne, Nathaniel","Nina Baym, Thomas E. Connolly","=""0142437263""","=""9780142437261""",0,3.44,Penguin Books,Paperback,279,2002,1850,,2020/10/23,,,read,,,,1,0
1953,A Tale of Two Cities,Charles Dickens,"Dickens, Charles",,"=""0141439602""","=""9780141439600""",0,3.88,Penguin Books,Paperback,489,2003,1859,,2020/10/23,,,read,,,,1,0
231804,The Outsiders,S.E. Hinton,"Hinton, S.E.",,"=""0670532576""","=""9780670532575""",0,4.15,Puffin Books (US/CAN),Mass Market Paperback,208,1997,1967,,2020/10/23,,,read,,,,1,0
1381,The Odyssey,Homer,"Homer, Homer","Robert Fagles, Bernard Knox","=""0143039954""","=""9780143039952""",0,3.83,Penguin Classics ,Paperback,541,2006,-800,,2020/10/23,,,read,,,,1,0
2956,"The Adventures of Huckleberry Finn (Adventures of Tom and Huck, #2)",Mark Twain,"Twain, Mark","Guy Cardwell, E.W. Kemble, John Seelye, Walter Trier, Tom Wilson, William Little Hughes","=""0142437174""","=""9780142437179""",0,3.83,Penguin Classics,Paperback,327,2002,1885,,2020/10/23,,,read,,,,1,0
5297,The Picture of Dorian Gray,Oscar Wilde,"Wilde, Oscar",Jeffrey Eugenides,"=""""","=""""",0,4.14,Random House: Modern Library,Paperback,272,2004,1890,,2020/10/23,,,read,,,,1,0
1617,Night,Elie Wiesel,"Wiesel, Elie","Marion Wiesel, François Mauriac","=""0374500010""","=""9780374500016""",0,4.38,Hill & Wang,Paperback,120,2006,1956,,2020/10/23,,,read,,,,1,0
3636,"The Giver (The Giver, #1)",Lois Lowry,"Lowry, Lois",,"=""0385732554""","=""9780385732550""",0,4.12,Ember,Paperback,208,2006,1993,,2020/10/23,,,read,,,,1,0
7624,Lord of the Flies,William Golding,"Golding, William",,"=""0140283331""","=""9780140283334""",0,3.70,Penguin Books ,Paperback,182,1999,1954,,2020/10/23,,,read,,,,1,0
19063,The Book Thief,Markus Zusak,"Zusak, Markus",,"=""""","=""""",0,4.39,Alfred A. Knopf,Kindle Edition,592,2006,2005,,2020/10/23,to-read,to-read (#32),to-read,,,,0,0
5107,The Catcher in the Rye,J.D. Salinger,"Salinger, J.D.",,"=""0316769177""","=""9780316769174""",0,3.80,Back Bay Books,Paperback,277,2001,1951,,2020/10/23,,,read,,,,1,0
2657,To Kill a Mockingbird,Harper Lee,"Lee, Harper",,"=""0060935464""","=""9780060935467""",0,4.26,Harper Perennial Modern Classics ,Paperback,323,2006,1960,,2020/10/23,,,read,,,,1,0
1,"Harry Potter and the Half-Blood Prince (Harry Potter, #6)",J.K. Rowling,"Rowling, J.K.",,"=""""","=""""",0,4.58,Scholastic Inc,Paperback,652,2006,2005,,2020/10/23,,,read,,,,1,0
2,"Harry Potter and the Order of the Phoenix (Harry Potter, #5)",J.K. Rowling,"Rowling, J.K.",Mary GrandPré,"=""0439686520""","=""9780439686525""",0,4.50,Scholastic Inc.,Paperback,870,2004,2003,,2020/10/23,,,read,,,,1,0
136251,"Harry Potter and the Deathly Hallows (Harry Potter, #7)",J.K. Rowling,"Rowling, J.K.",,"=""""","=""""",0,4.62,Arthur A. Levine Books,Hardcover,759,2007,2007,,2020/10/23,,,read,,,,1,0
147915,"A Storm of Swords 2: Blood and Gold (A Song of Ice and Fire, #3, Part 2 of 2)",George R.R. Martin,"Martin, George R.R.",,"=""0007119550""","=""9780007119554""",0,4.55,HarperVoyager ,Paperback,639,2011,2000,,2020/10/23,,,read,,,,1,0
10664113,"A Dance with Dragons (A Song of Ice and Fire, #5)",George R.R. Martin,"Martin, George R.R.",,"=""""","=""""",0,4.34,Random House Worlds,Kindle Edition,1125,2011,2011,,2020/10/23,,,read,,,,1,0
13497,"A Feast for Crows (A Song of Ice and Fire, #4)",George R.R. Martin,"Martin, George R.R.",,"=""""","=""""",0,4.17,Bantam Books,Mass Market Paperback,1060,2011,2005,,2020/10/23,,,read,,,,1,0
10572,"A Clash of Kings  (A Song of Ice and Fire, #2)",George R.R. Martin,"Martin, George R.R.",,"=""""","=""""",0,4.42,Random House Worlds,Paperback,1009,2002,1998,,2020/10/23,,,read,,,,1,0
52163643,The Unraveling of Cassidy Holmes,Elissa R. Sloan,"Sloan, Elissa R.",,"=""""","=""""",0,3.46,William Morrow Paperbacks,ebook,448,2020,2020,,2020/10/20,to-read,to-read (#31),to-read,,,,0,0
18619684,The Time Traveler's Wife,Audrey Niffenegger,"Niffenegger, Audrey",,"=""1939126010""","=""9781939126016""",0,4.00,Zola Books,ebook,537,2013,2003,,2020/10/18,,,read,,,,1,0
50309218,Longitude: The True Story of a Lone Genius Who Solved the Greatest Scientific Problem of his Time,Dava Sobel,"Sobel, Dava",,"=""""","=""""",0,3.99,Walker Books,Kindle Edition,191,,1995,,2020/10/18,,,read,,,,1,0
54561146,"The Ghost Map: The Story of London's Most Terrifying Epidemic--and How It Changed Science, Cities, and the Modern World",Steven Johnson,"Johnson, Steven",,"=""""","=""""",0,3.89,Riverhead,Kindle Edition,332,2020,2006,,2020/10/18,,,read,,,,1,0
52544208,Islands of Mercy,Rose Tremain,"Tremain, Rose",,"=""1784743313""","=""9781784743314""",5,3.70,Chatto  Windus,Hardcover,368,2020,2020,2020/10/18,2020/09/17,,,read,,,,2,0
29588376,"The Lies of Locke Lamora (Gentleman Bastard, #1)",Scott Lynch,"Lynch, Scott",,"=""""","=""""",0,4.30,Spectra,Kindle Edition,752,2016,2006,,2020/10/18,to-read,to-read (#30),to-read,,,,0,0
25667449,The Lonely City: Adventures in the Art of Being Alone,Olivia Laing,"Laing, Olivia",,"=""1250039576""","=""9781250039576""",0,3.92,Picador,Hardcover,336,2016,2016,,2020/10/18,to-read,to-read (#29),to-read,,,,0,0
11529868,The Orphan Master's Son,Adam  Johnson,"Johnson, Adam",,"=""0812992792""","=""9780812992793""",0,4.07,Random House,Hardcover,443,2012,2012,,2020/10/18,to-read,to-read (#28),to-read,,,,0,0
37678008,The Mermaid and Mrs. Hancock,Imogen Hermes Gowar,"Gowar, Imogen Hermes",,"=""""","=""""",0,3.55,Harper,Hardcover,487,2018,2018,,2020/10/18,to-read,to-read (#27),to-read,,,,0,0
21787,The Princess Bride,William Goldman,"Goldman, William",,"=""0345418263""","=""9780345418265""",0,4.27,Ballantine Books,Paperback,429,2003,1973,,2020/10/18,to-read,to-read (#26),to-read,,,,0,0
7126,The Count of Monte Cristo,Alexandre Dumas,"Dumas, Alexandre",Robin Buss,"=""0140449264""","=""9780140449266""",0,4.33,Penguin Classics,Paperback,1276,2003,1844,,2020/10/18,to-read,to-read (#25),to-read,,,,0,0
15955998,I Told You I Was Ill: Laughing in the Face of Death,Liz Evers,"Evers, Liz",,"=""184317622X""","=""9781843176220""",0,3.26,Michael O'Mara,Hardcover,192,2013,2012,,2020/10/18,to-read,to-read (#24),to-read,,,,0,0
68682,And the Ass Saw the Angel,Nick Cave,"Cave, Nick",,"=""1880985721""","=""9781880985724""",0,3.84,2.13.61,Paperback,320,2003,1989,,2020/10/18,to-read,to-read (#23),to-read,,,,0,0
16556,The Infinite Plan,Isabel Allende,"Allende, Isabel",Cornelia Rădulescu,"=""0060924985""","=""9780060924980""",0,3.78,HarperPerennial,Paperback,384,1992,1992,,2020/10/18,to-read,to-read (#22),to-read,,,,0,0
37586799,"Half a King (Shattered Sea, #1)",Joe Abercrombie,"Abercrombie, Joe",,"=""0007550227""","=""9780007550227""",0,3.97,HarperVoyager,Paperback,416,2018,2014,,2020/10/18,to-read,to-read (#21),to-read,,,,0,0
944073,"The Blade Itself (The First Law, #1)",Joe Abercrombie,"Abercrombie, Joe",,"=""0575079797""","=""9780575079793""",0,4.22,Gollancz,Paperback,515,2007,2006,,2020/10/18,to-read,to-read (#20),to-read,,,,0,0
9317452,"Rivers of London (Rivers of London, #1)",Ben Aaronovitch,"Aaronovitch, Ben",,"=""0575097566""","=""9780575097568""",0,3.85,Gollancz,Hardcover,392,2011,2011,,2020/10/18,to-read,to-read (#19),to-read,,,,0,0
29844228,Thirteen Reasons Why,Jay Asher,"Asher, Jay",,"=""1595147888""","=""9781595147882""",0,3.84,Razorbill,Hardcover,352,2016,2007,,2020/10/16,,,read,,,,1,0
38447,"The Handmaid’s Tale (The Handmaid's Tale, #1)",Margaret Atwood,"Atwood, Margaret",,"=""038549081X""","=""9780385490818""",0,4.15,Anchor Books,Paperback,311,1998,1985,,2020/10/16,,,read,,,,1,0
1582996,"City of Ashes (The Mortal Instruments, #2)",Cassandra Clare,"Clare, Cassandra",,"=""1416914293""","=""9781416914297""",0,4.10,Margaret K. McElderry Books,Hardcover,453,2008,2008,,2020/10/16,,,read,,,,1,0
3777732,"City of Glass (The Mortal Instruments, #3)",Cassandra Clare,"Clare, Cassandra",,"=""1416914307""","=""9781416914303""",0,4.27,Margaret K. McElderry Books,Hardcover,541,2009,2009,,2020/10/16,,,read,,,,1,0
24770,"Uglies (Uglies, #1)",Scott Westerfeld,"Westerfeld, Scott",,"=""0689865384""","=""9780689865381""",0,3.84,Simon Pulse,Paperback,425,2005,2005,,2020/10/16,,,read,,,,1,0
77203,The Kite Runner,Khaled Hosseini,"Hosseini, Khaled",,"=""159463193X""","=""9781594631931""",0,4.36,Riverhead Books,Paperback,371,2004,2003,,2020/10/16,,,read,,,,1,0
29056083,"Harry Potter and the Cursed Child: Parts One and Two (Harry Potter, #8)",J.K. Rowling,"Rowling, J.K.","Jack Thorne, John Tiffany","=""0540027340""","=""9780540027347""",0,3.47,"Little, Brown",Hardcover,343,2016,2016,,2020/10/16,,,read,,,,1,0
52791659,Code Name Hélène,Ariel Lawhon,"Lawhon, Ariel",,"=""0385544693""","=""9780385544696""",3,4.41,Knopf Doubleday Publishing Group,Kindle Edition,451,2020,2020,2020/08/29,2020/05/23,,,read,,,,1,0
24515225,The Glorious Heresies,Lisa McInerney,"McInerney, Lisa",,"=""1444798855""","=""9781444798852""",0,3.76,Hodder & Stoughton,Hardcover,384,2015,2015,,2020/09/17,to-read,to-read (#18),to-read,,,,0,0
49233093,"Red, White & Royal Blue",Casey McQuiston,"McQuiston, Casey",,"=""""","=""""",0,4.05,St. Martin's Griffin,ebook,425,2019,2019,2020/08/29,2020/05/17,,,read,,,,1,0
44074800,The Southern Book Club's Guide to Slaying Vampires,Grady Hendrix,"Hendrix, Grady",,"=""""","=""""",2,3.78,Quirk Books,Kindle Edition,410,2020,2020,2020/08/24,2020/05/23,,,read,,,,1,0
33280872,Without Merit,Colleen Hoover,"Hoover, Colleen",,"=""""","=""""",0,3.66,Atria Books,Kindle Edition,384,2017,2017,,2020/08/22,to-read,to-read (#17),to-read,,,,0,0
51007311,Heart Bones,Colleen Hoover,"Hoover, Colleen",,"=""""","=""""",0,4.20,"Hoover Ink, Inc.",Kindle Edition,338,2020,2020,,2020/08/22,to-read,to-read (#16),to-read,,,,0,0
32487617,Beneath a Scarlet Sky,Mark T. Sullivan,"Sullivan, Mark T.",,"=""1503943372""","=""9781503943377""",0,4.43,Lake Union Publishing,Paperback,509,2017,2017,,2020/08/22,to-read,to-read (#15),to-read,,,,0,0
43521785,"Bringing Down the Duke (A League of Extraordinary Women, #1)",Evie Dunmore,"Dunmore, Evie",,"=""1984805681""","=""9781984805683""",4,3.92,Berkley,Paperback,335,2019,2019,2020/07/25,2020/08/22,,,read,,,,1,0
10507293,"The Selection (The Selection, #1)",Kiera Cass,"Cass, Kiera",,"=""0062059939""","=""9780062059932""",0,4.07,HarperTeen,Hardcover,336,2012,2012,,2020/08/10,to-read,to-read (#14),to-read,,,,0,0
7896527,"Throne of Glass (Throne of Glass, #1)",Sarah J. Maas,"Maas, Sarah J.",,"=""""","=""""",0,4.19,Bloomsbury USA Children's,Hardcover,406,2012,2012,,2020/08/10,to-read,to-read (#13),to-read,,,,0,0
40165912,The Lady from the Black Lagoon: Hollywood Monsters and the Lost Legacy of Milicent Patrick,Mallory O'Meara,"O'Meara, Mallory",,"=""1335937803""","=""9781335937803""",0,3.95,Hanover Square Press,Hardcover,368,2019,2019,,2020/06/14,to-read,to-read (#12),to-read,,,,0,0
40651462,I Owe You One,Sophie Kinsella,"Kinsella, Sophie",,"=""""","=""""",3,3.53,The Dial Press,ebook,432,2019,2019,2020/05/28,2020/05/17,,,read,,,,1,0
10964,"Outlander (Outlander, #1)",Diana Gabaldon,"Gabaldon, Diana",,"=""0440242940""","=""9780440242949""",0,4.26,Dell,Mass Market Paperback,850,2005,1991,,2020/05/23,to-read,to-read (#11),to-read,,,,0,0
41057294,Normal People,Sally Rooney,"Rooney, Sally",,"=""1984822179""","=""9781984822178""",0,3.81,Crown,Hardcover,273,2019,2018,,2020/05/23,to-read,to-read (#10),to-read,,,,0,0
24384702,"The Royal We (Royal We, #1)",Heather Cocks,"Cocks, Heather",Jessica  Morgan,"=""""","=""""",4,3.80,Grand Central Publishing,ebook,497,2015,2015,2020/05/23,2020/05/17,,,read,,,,1,0
45714291,The Jetsetters,Amanda Eyre Ward,"Ward, Amanda Eyre",,"=""0399181903""","=""9780399181900""",2,3.07,Ballantine Books,Kindle Edition,318,2020,2020,2020/05/19,2020/05/17,,,read,,,,1,0
51941088,The Comeback,Ella Berman,"Berman, Ella",,"=""0593099516""","=""9780593099513""",0,3.72,Berkley,Hardcover,378,2020,2020,,2020/05/19,to-read,to-read (#9),to-read,,,,0,0
17802724,The Husband's Secret,Liane Moriarty,"Moriarty, Liane",,"=""0399159347""","=""9780399159343""",0,3.95,Berkley,Hardcover,396,2013,2013,,2020/05/17,to-read,to-read (#8),to-read,,,,0,0
31409135,The Radium Girls: The Dark Story of America’s Shining Women,Kate  Moore,"Moore, Kate",,"=""149264935X""","=""9781492649359""",0,4.16,Sourcebooks,Hardcover,479,2017,2016,,2020/05/17,to-read,to-read (#7),to-read,,,,0,0
26032825,"The Cruel Prince (The Folk of the Air, #1)",Holly Black,"Black, Holly",,"=""0316310271""","=""9780316310277""",0,4.01,"Little, Brown Books for Young Readers",Hardcover,370,2018,2018,,2020/05/17,to-read,to-read (#6),to-read,,,,0,0
45046527,American Dirt,Jeanine Cummins,"Cummins, Jeanine",,"=""""","=""""",0,4.37,Flatiron Books,Hardcover,459,2020,2020,,2020/05/17,to-read,to-read (#5),to-read,,,,0,0
32956365,The Light We Lost,Jill Santopolo,"Santopolo, Jill",,"=""0735212759""","=""9780735212756""",0,3.84,G.P. Putnam's Sons,Hardcover,328,2017,2017,,2020/05/17,to-read,to-read (#4),to-read,,,,0,0
43744300,"American Royals (American Royals, #1)",Katharine McGee,"McGee, Katharine",,"=""1984830171""","=""9781984830173""",5,3.81,Random House Books for Young Readers,Hardcover,448,2019,2019,2020/05/16,2020/05/17,,,read,,,,1,0
31434883,Eleanor Oliphant Is Completely Fine,Gail Honeyman,"Honeyman, Gail",,"=""0735220689""","=""9780735220683""",4,4.23,Pamela Dorman Books / Viking,Hardcover,336,2017,2017,2020/05/17,2020/05/17,,,read,,,,1,0
50093704,In Five Years,Rebecca Serle,"Serle, Rebecca",,"=""1982137444""","=""9781982137441""",4,3.78,Atria Books,Hardcover,272,2020,2020,2020/05/16,2020/05/17,,,read,,,,1,0
38894904,One Day in December,Josie Silver,"Silver, Josie",,"=""0525574700""","=""9780525574705""",0,3.82,Broadway Books,ebook,394,2018,2018,,2020/05/17,to-read,to-read (#3),to-read,,,,0,0
52129515,Untamed,Glennon Doyle,"Doyle, Glennon",Glennon Doyle Melton,"=""1984801252""","=""9781984801258""",0,3.98,The Dial Press,Hardcover,333,2020,2020,,2020/05/17,to-read,to-read (#2),to-read,,,,0,0
25893693,"Lilac Girls (Woolsey-Ferriday, #1)",Martha Hall Kelly,"Kelly, Martha Hall",,"=""1101883073""","=""9781101883075""",0,4.29,Ballantine Books,Hardcover,487,2016,2016,,2020/05/17,to-read,to-read (#1),to-read,,,,0,0
21853621,The Nightingale,Kristin Hannah,"Hannah, Kristin",,"=""0312577222""","=""9780312577223""",4,4.65,St. Martin's Press,Hardcover,564,2015,2015,2019/05/17,2020/05/17,,,read,,,,1,0
41592780,Mrs. Everything,Jennifer Weiner,"Weiner, Jennifer",,"=""""","=""""",4,3.85,Atria Books,ebook,416,2019,2019,2020/05/10,2020/05/17,,,read,,,,1,0
45418344,All the Ways We Said Goodbye,Beatriz Williams,"Williams, Beatriz","Lauren Willig, Karen   White","=""""","=""""",3,4.03,William Morrow,Kindle Edition,454,2020,2020,2020/05/17,2020/05/09,,,read,,,,1,0
43301737,"Ninth House (Alex Stern, #1)",Leigh Bardugo,"Bardugo, Leigh",,"=""1250313082""","=""9781250313089""",5,4.00,Flatiron Books,Kindle Edition,476,2019,2019,2020/05/14,2020/05/14,,,read,,,,1,0
